,0.5,0.6,0.7,0.8,0.9,1.0,1.1,1.2,1.3,1.4,1.5,1.6,1.7,1.8,1.9,2.0,2.1,2.2,2.3,2.4,2.5,2.6,2.7,2.8,2.9,3.0,3.1,3.2,3.3,3.4,3.5,3.6,3.7,3.8,3.9,4.0,4.1,4.2,4.3,4.4,4.5,4.6,4.7,4.8,4.9,5.0
0.5,952.8,955.1,957,958.6,960.1,961.3,962.5,963.5,964.4,965.3,966.1,966.8,967.5,968.1,968.7,969.3,969.8,970.3,970.8,971.3,971.7,972.1,972.5,972.9,973.3,973.6,973.9,974.3,974.6,974.9,975.2,975.5,975.7,976,976.3,976.5,976.8,977,977.2,977.4,977.7,977.9,978.1,978.3,978.5,978.7
0.6,982.1,984.5,986.6,988.4,989.9,991.3,992.6,993.7,994.7,995.7,996.6,997.4,998.1,998.8,999.5,1000.1,1000.7,1001.3,1001.8,1002.4,1002.8,1003.3,1003.8,1004.2,1004.6,1005,1005.4,1005.8,1006.1,1006.5,1006.8,1007.1,1007.4,1007.7,1008,1008.3,1008.6,1008.9,1009.1,1009.4,1009.6,1009.9,1010.1,1010.3,1010.6,1010.8
0.7,1006.6,1009.2,1011.5,1013.4,1015.1,1016.6,1017.9,1019.2,1020.3,1021.3,1022.3,1023.2,1024,1024.8,1025.5,1026.2,1026.9,1027.5,1028.1,1028.7,1029.2,1029.7,1030.2,1030.7,1031.2,1031.6,1032,1032.4,1032.8,1033.2,1033.6,1033.9,1034.3,1034.6,1035,1035.3,1035.6,1035.9,1036.2,1036.5,1036.7,1037,1037.3,1037.5,1037.8,1038
0.8,1027.7,1030.5,1032.9,1035,1036.8,1038.4,1039.8,1041.1,1042.3,1043.5,1044.5,1045.4,1046.3,1047.2,1048,1048.7,1049.5,1050.1,1050.8,1051.4,1052,1052.6,1053.1,1053.6,1054.1,1054.6,1055.1,1055.5,1055.9,1056.4,1056.8,1057.2,1057.5,1057.9,1058.3,1058.6,1059,1059.3,1059.6,1059.9,1060.2,1060.5,1060.8,1061.1,1061.4,1061.7
0.9,1046.5,1049.4,1051.9,1054.1,1056,1057.6,1059.2,1060.6,1061.8,1063,1064.1,1065.1,1066.1,1067,1067.8,1068.6,1069.4,1070.1,1070.8,1071.5,1072.1,1072.7,1073.3,1073.9,1074.4,1074.9,1075.4,1075.9,1076.4,1076.8,1077.2,1077.7,1078.1,1078.5,1078.9,1079.2,1079.6,1080,1080.3,1080.7,1081,1081.3,1081.6,1081.9,1082.2,1082.5
1.0,1063.6,1066.6,1069.2,1071.4,1073.4,1075.2,1076.7,1078.2,1079.5,1080.8,1081.9,1083,1084,1084.9,1085.8,1086.6,1087.4,1088.2,1088.9,1089.6,1090.3,1090.9,1091.5,1092.1,1092.7,1093.2,1093.7,1094.3,1094.8,1095.2,1095.7,1096.1,1096.6,1097,1097.4,1097.8,1098.2,1098.6,1098.9,1099.3,1099.7,1100,1100.3,1100.7,1101,1101.3
1.1,1079.8,1082.9,1085.5,1087.7,1089.7,1091.5,1093.1,1094.6,1096,1097.2,1098.4,1099.5,1100.5,1101.5,1102.4,1103.3,1104.1,1104.9,1105.6,1106.3,1107,1107.7,1108.3,1108.9,1109.5,1110.1,1110.6,1111.1,1111.7,1112.2,1112.6,1113.1,1113.6,1114,1114.4,1114.8,1115.2,1115.6,1116,1116.4,1116.8,1117.1,1117.5,1117.8,1118.2,1118.5
1.2,1095.7,1098.7,1101.2,1103.4,1105.4,1107.2,1108.8,1110.3,1111.6,1112.9,1114,1115.1,1116.2,1117.2,1118.1,1118.9,1119.8,1120.6,1121.3,1122.1,1122.8,1123.4,1124.1,1124.7,1125.3,1125.9,1126.4,1127,1127.5,1128,1128.5,1129,1129.4,1129.9,1130.3,1130.7,1131.2,1131.6,1132,1132.3,1132.7,1133.1,1133.5,1133.8,1134.1,1134.5
1.3,1111.6,1114.4,1116.8,1119,1120.9,1122.6,1124.1,1125.5,1126.9,1128.1,1129.2,1130.3,1131.3,1132.3,1133.2,1134.1,1134.9,1135.7,1136.4,1137.2,1137.9,1138.5,1139.2,1139.8,1140.4,1140.9,1141.5,1142,1142.6,1143.1,1143.6,1144,1144.5,1145,1145.4,1145.8,1146.3,1146.7,1147.1,1147.5,1147.8,1148.2,1148.6,1148.9,1149.3,1149.6
1.4,1128,1130.5,1132.7,1134.7,1136.4,1138,1139.5,1140.8,1142,1143.2,1144.3,1145.3,1146.3,1147.2,1148.1,1148.9,1149.7,1150.5,1151.2,1151.9,1152.6,1153.2,1153.8,1154.4,1155,1155.6,1156.1,1156.7,1157.2,1157.7,1158.2,1158.6,1159.1,1159.5,1160,1160.4,1160.8,1161.2,1161.6,1162,1162.4,1162.7,1163.1,1163.5,1163.8,1164.1
1.5,1145,1147.2,1149.1,1150.7,1152.3,1153.7,1155,1156.2,1157.4,1158.4,1159.4,1160.4,1161.3,1162.1,1162.9,1163.7,1164.5,1165.2,1165.8,1166.5,1167.1,1167.8,1168.3,1168.9,1169.5,1170,1170.5,1171,1171.5,1172,1172.5,1172.9,1173.4,1173.8,1174.2,1174.6,1175,1175.4,1175.8,1176.2,1176.5,1176.9,1177.2,1177.6,1177.9,1178.2
1.6,1162.6,1164.3,1165.9,1167.3,1168.6,1169.8,1170.9,1171.9,1172.9,1173.8,1174.7,1175.6,1176.4,1177.1,1177.9,1178.6,1179.2,1179.9,1180.5,1181.1,1181.7,1182.3,1182.8,1183.3,1183.8,1184.3,1184.8,1185.3,1185.7,1186.2,1186.6,1187.1,1187.5,1187.9,1188.3,1188.7,1189,1189.4,1189.8,1190.1,1190.5,1190.8,1191.1,1191.5,1191.8,1192.1
1.7,1180.5,1181.8,1183,1184.1,1185.1,1186.1,1187,1187.8,1188.7,1189.5,1190.2,1190.9,1191.6,1192.3,1192.9,1193.5,1194.1,1194.7,1195.2,1195.8,1196.3,1196.8,1197.3,1197.7,1198.2,1198.7,1199.1,1199.5,1199.9,1200.3,1200.7,1201.1,1201.5,1201.9,1202.2,1202.6,1202.9,1203.3,1203.6,1203.9,1204.2,1204.6,1204.9,1205.2,1205.5,1205.8
1.8,1198.2,1199.2,1200,1200.9,1201.7,1202.4,1203.2,1203.9,1204.5,1205.2,1205.8,1206.4,1206.9,1207.5,1208,1208.5,1209,1209.5,1210,1210.5,1210.9,1211.3,1211.8,1212.2,1212.6,1213,1213.3,1213.7,1214.1,1214.4,1214.8,1215.1,1215.5,1215.8,1216.1,1216.4,1216.8,1217.1,1217.4,1217.7,1217.9,1218.2,1218.5,1218.8,1219.1,1219.3
1.9,1215.5,1216.2,1216.8,1217.5,1218.1,1218.6,1219.2,1219.7,1220.3,1220.8,1221.3,1221.7,1222.2,1222.6,1223.1,1223.5,1223.9,1224.3,1224.7,1225.1,1225.5,1225.8,1226.2,1226.5,1226.9,1227.2,1227.5,1227.8,1228.2,1228.5,1228.8,1229.1,1229.4,1229.7,1229.9,1230.2,1230.5,1230.8,1231,1231.3,1231.5,1231.8,1232,1232.3,1232.5,1232.7
2.0,1232.1,1232.6,1233.1,1233.5,1234,1234.4,1234.9,1235.3,1235.7,1236.1,1236.4,1236.8,1237.2,1237.5,1237.9,1238.2,1238.6,1238.9,1239.2,1239.5,1239.8,1240.1,1240.4,1240.7,1241,1241.3,1241.5,1241.8,1242.1,1242.3,1242.6,1242.9,1243.1,1243.3,1243.6,1243.8,1244.1,1244.3,1244.5,1244.7,1245,1245.2,1245.4,1245.6,1245.8,1246
2.1,1247.9,1248.3,1248.6,1249,1249.3,1249.7,1250,1250.3,1250.6,1250.9,1251.2,1251.5,1251.8,1252.1,1252.3,1252.6,1252.9,1253.1,1253.4,1253.6,1253.9,1254.1,1254.4,1254.6,1254.8,1255.1,1255.3,1255.5,1255.7,1256,1256.2,1256.4,1256.6,1256.8,1257,1257.2,1257.4,1257.6,1257.8,1258,1258.2,1258.3,1258.5,1258.7,1258.9,1259.1
2.2,1262.9,1263.2,1263.5,1263.7,1264,1264.2,1264.5,1264.7,1264.9,1265.2,1265.4,1265.6,1265.9,1266.1,1266.3,1266.5,1266.7,1266.9,1267.1,1267.3,1267.5,1267.7,1267.9,1268.1,1268.3,1268.5,1268.7,1268.9,1269,1269.2,1269.4,1269.6,1269.7,1269.9,1270.1,1270.2,1270.4,1270.6,1270.7,1270.9,1271,1271.2,1271.4,1271.5,1271.7,1271.8
2.3,1277.1,1277.3,1277.5,1277.7,1277.9,1278.1,1278.3,1278.4,1278.6,1278.8,1279,1279.2,1279.3,1279.5,1279.7,1279.9,1280,1280.2,1280.4,1280.5,1280.7,1280.8,1281,1281.1,1281.3,1281.4,1281.6,1281.7,1281.9,1282,1282.2,1282.3,1282.5,1282.6,1282.7,1282.9,1283,1283.2,1283.3,1283.4,1283.5,1283.7,1283.8,1283.9,1284.1,1284.2
2.4,1290.4,1290.6,1290.7,1290.9,1291,1291.2,1291.3,1291.5,1291.6,1291.8,1291.9,1292.1,1292.2,1292.3,1292.5,1292.6,1292.7,1292.9,1293,1293.1,1293.3,1293.4,1293.5,1293.6,1293.8,1293.9,1294,1294.1,1294.3,1294.4,1294.5,1294.6,1294.7,1294.8,1295,1295.1,1295.2,1295.3,1295.4,1295.5,1295.6,1295.7,1295.8,1295.9,1296,1296.1
2.5,1303,1303.1,1303.3,1303.4,1303.5,1303.6,1303.7,1303.9,1304,1304.1,1304.2,1304.3,1304.4,1304.5,1304.6,1304.8,1304.9,1305,1305.1,1305.2,1305.3,1305.4,1305.5,1305.6,1305.7,1305.8,1305.9,1306,1306.1,1306.2,1306.3,1306.4,1306.5,1306.6,1306.7,1306.8,1306.8,1306.9,1307,1307.1,1307.2,1307.3,1307.4,1307.5,1307.6,1307.6
2.6,1314.9,1315,1315.1,1315.2,1315.3,1315.4,1315.5,1315.6,1315.7,1315.7,1315.8,1315.9,1316,1316.1,1316.2,1316.3,1316.4,1316.5,1316.5,1316.6,1316.7,1316.8,1316.9,1317,1317.1,1317.1,1317.2,1317.3,1317.4,1317.5,1317.5,1317.6,1317.7,1317.8,1317.8,1317.9,1318,1318.1,1318.2,1318.2,1318.3,1318.4,1318.5,1318.5,1318.6,1318.7
2.7,1326,1326.1,1326.2,1326.3,1326.4,1326.5,1326.5,1326.6,1326.7,1326.8,1326.9,1326.9,1327,1327.1,1327.2,1327.2,1327.3,1327.4,1327.4,1327.5,1327.6,1327.6,1327.7,1327.8,1327.9,1327.9,1328,1328.1,1328.1,1328.2,1328.3,1328.3,1328.4,1328.4,1328.5,1328.6,1328.6,1328.7,1328.8,1328.8,1328.9,1329,1329,1329.1,1329.1,1329.2
2.8,1336.6,1336.7,1336.7,1336.8,1336.9,1336.9,1337,1337.1,1337.1,1337.2,1337.3,1337.3,1337.4,1337.5,1337.5,1337.6,1337.6,1337.7,1337.8,1337.8,1337.9,1337.9,1338,1338.1,1338.1,1338.2,1338.2,1338.3,1338.3,1338.4,1338.4,1338.5,1338.6,1338.6,1338.7,1338.7,1338.8,1338.8,1338.9,1338.9,1339,1339,1339.1,1339.1,1339.2,1339.2
2.9,1346.5,1346.6,1346.7,1346.7,1346.8,1346.9,1346.9,1347,1347,1347.1,1347.1,1347.2,1347.2,1347.3,1347.3,1347.4,1347.5,1347.5,1347.6,1347.6,1347.7,1347.7,1347.7,1347.8,1347.8,1347.9,1347.9,1348,1348,1348.1,1348.1,1348.2,1348.2,1348.3,1348.3,1348.4,1348.4,1348.4,1348.5,1348.5,1348.6,1348.6,1348.7,1348.7,1348.8,1348.8
3.0,1355.9,1356,1356,1356.1,1356.2,1356.2,1356.3,1356.3,1356.4,1356.4,1356.5,1356.5,1356.6,1356.6,1356.7,1356.7,1356.7,1356.8,1356.8,1356.9,1356.9,1357,1357,1357,1357.1,1357.1,1357.2,1357.2,1357.2,1357.3,1357.3,1357.4,1357.4,1357.4,1357.5,1357.5,1357.6,1357.6,1357.6,1357.7,1357.7,1357.7,1357.8,1357.8,1357.9,1357.9
3.1,1365.9,1366,1366.1,1366.2,1366.3,1366.4,1366.5,1366.6,1366.6,1366.7,1366.8,1366.8,1366.9,1367,1367,1367.1,1367.1,1367.2,1367.3,1367.3,1367.4,1367.4,1367.5,1367.5,1367.6,1367.6,1367.7,1367.7,1367.8,1367.8,1367.9,1367.9,1368,1368,1368.1,1368.1,1368.2,1368.2,1368.3,1368.3,1368.4,1368.4,1368.5,1368.5,1368.6,1368.6
3.2,1385.7,1385.7,1385.8,1385.8,1385.9,1385.9,1385.9,1386,1386,1386,1386,1386,1386,1386,1386.1,1386.1,1386.1,1386.1,1386.1,1386.1,1386.1,1386.1,1386.1,1386.1,1386.1,1386.1,1386.1,1386.2,1386.2,1386.2,1386.2,1386.2,1386.2,1386.2,1386.2,1386.2,1386.2,1386.2,1386.2,1386.2,1386.2,1386.2,1386.3,1386.3,1386.3,1386.3
3.3,1402.4,1402.5,1402.6,1402.7,1402.8,1402.8,1402.9,1402.9,1402.9,1403,1403,1403,1403,1403,1403.1,1403.1,1403.1,1403.1,1403.1,1403.1,1403.1,1403.2,1403.2,1403.2,1403.2,1403.2,1403.2,1403.2,1403.2,1403.2,1403.2,1403.2,1403.2,1403.2,1403.2,1403.3,1403.3,1403.3,1403.3,1403.3,1403.3,1403.3,1403.3,1403.3,1403.3,1403.3
3.4,1417.7,1417.9,1418,1418.1,1418.2,1418.3,1418.4,1418.4,1418.5,1418.5,1418.5,1418.6,1418.6,1418.6,1418.7,1418.7,1418.7,1418.7,1418.7,1418.8,1418.8,1418.8,1418.8,1418.8,1418.8,1418.8,1418.9,1418.9,1418.9,1418.9,1418.9,1418.9,1418.9,1418.9,1418.9,1418.9,1419,1419,1419,1419,1419,1419,1419,1419,1419,1419
3.5,1431.7,1432,1432.1,1432.3,1432.4,1432.5,1432.6,1432.6,1432.7,1432.8,1432.8,1432.9,1432.9,1433,1433,1433,1433.1,1433.1,1433.1,1433.1,1433.2,1433.2,1433.2,1433.2,1433.3,1433.3,1433.3,1433.3,1433.3,1433.3,1433.3,1433.4,1433.4,1433.4,1433.4,1433.4,1433.4,1433.4,1433.4,1433.4,1433.5,1433.5,1433.5,1433.5,1433.5,1433.5
3.6,1444.5,1444.8,1445,1445.2,1445.4,1445.5,1445.6,1445.7,1445.8,1445.9,1446,1446,1446.1,1446.1,1446.2,1446.2,1446.3,1446.3,1446.4,1446.4,1446.4,1446.5,1446.5,1446.5,1446.5,1446.6,1446.6,1446.6,1446.6,1446.7,1446.7,1446.7,1446.7,1446.7,1446.7,1446.8,1446.8,1446.8,1446.8,1446.8,1446.8,1446.8,1446.9,1446.9,1446.9,1446.9
3.7,1456.2,1456.6,1456.9,1457.1,1457.3,1457.5,1457.6,1457.7,1457.9,1458,1458.1,1458.1,1458.2,1458.3,1458.4,1458.4,1458.5,1458.5,1458.6,1458.6,1458.7,1458.7,1458.7,1458.8,1458.8,1458.8,1458.9,1458.9,1458.9,1459,1459,1459,1459,1459.1,1459.1,1459.1,1459.1,1459.1,1459.2,1459.2,1459.2,1459.2,1459.2,1459.2,1459.2,1459.3
3.8,1466.8,1467.3,1467.7,1468,1468.2,1468.4,1468.6,1468.8,1468.9,1469.1,1469.2,1469.3,1469.4,1469.5,1469.6,1469.6,1469.7,1469.8,1469.8,1469.9,1469.9,1470,1470,1470.1,1470.1,1470.2,1470.2,1470.3,1470.3,1470.3,1470.4,1470.4,1470.4,1470.4,1470.5,1470.5,1470.5,1470.6,1470.6,1470.6,1470.6,1470.6,1470.7,1470.7,1470.7,1470.7
3.9,1476.5,1477.1,1477.6,1477.9,1478.2,1478.5,1478.7,1478.9,1479.1,1479.3,1479.4,1479.5,1479.7,1479.8,1479.9,1480,1480.1,1480.1,1480.2,1480.3,1480.4,1480.4,1480.5,1480.5,1480.6,1480.6,1480.7,1480.7,1480.8,1480.8,1480.9,1480.9,1480.9,1481,1481,1481.1,1481.1,1481.1,1481.1,1481.2,1481.2,1481.2,1481.3,1481.3,1481.3,1481.3
4.0,1485.4,1486.1,1486.6,1487,1487.4,1487.7,1488,1488.2,1488.5,1488.7,1488.8,1489,1489.1,1489.3,1489.4,1489.5,1489.6,1489.7,1489.8,1489.9,1490,1490.1,1490.1,1490.2,1490.3,1490.3,1490.4,1490.4,1490.5,1490.6,1490.6,1490.6,1490.7,1490.7,1490.8,1490.8,1490.9,1490.9,1490.9,1491,1491,1491,1491.1,1491.1,1491.1,1491.2
4.1,1493.4,1494.2,1494.8,1495.4,1495.8,1496.2,1496.5,1496.8,1497,1497.3,1497.5,1497.7,1497.8,1498,1498.2,1498.3,1498.4,1498.5,1498.6,1498.8,1498.8,1498.9,1499,1499.1,1499.2,1499.3,1499.3,1499.4,1499.5,1499.5,1499.6,1499.7,1499.7,1499.8,1499.8,1499.9,1499.9,1500,1500,1500,1500.1,1500.1,1500.2,1500.2,1500.2,1500.3
4.2,1500.7,1501.6,1502.4,1503,1503.5,1503.9,1504.3,1504.6,1504.9,1505.2,1505.4,1505.7,1505.9,1506,1506.2,1506.4,1506.5,1506.7,1506.8,1506.9,1507,1507.1,1507.2,1507.3,1507.4,1507.5,1507.6,1507.7,1507.8,1507.8,1507.9,1508,1508.1,1508.1,1508.2,1508.2,1508.3,1508.3,1508.4,1508.5,1508.5,1508.5,1508.6,1508.6,1508.7,1508.7
4.3,1507.3,1508.4,1509.2,1509.9,1510.5,1511,1511.4,1511.8,1512.1,1512.4,1512.7,1513,1513.2,1513.4,1513.6,1513.8,1514,1514.1,1514.3,1514.4,1514.6,1514.7,1514.8,1514.9,1515.1,1515.2,1515.3,1515.3,1515.4,1515.5,1515.6,1515.7,1515.8,1515.8,1515.9,1516,1516,1516.1,1516.2,1516.2,1516.3,1516.3,1516.4,1516.5,1516.5,1516.6
4.4,1513.3,1514.5,1515.4,1516.2,1516.8,1517.4,1517.9,1518.3,1518.7,1519.1,1519.4,1519.7,1520,1520.2,1520.4,1520.6,1520.8,1521,1521.2,1521.4,1521.5,1521.7,1521.8,1521.9,1522.1,1522.2,1522.3,1522.4,1522.5,1522.6,1522.7,1522.8,1522.9,1523,1523.1,1523.1,1523.2,1523.3,1523.4,1523.4,1523.5,1523.6,1523.6,1523.7,1523.7,1523.8
4.5,1518.7,1520,1521,1521.9,1522.6,1523.3,1523.8,1524.3,1524.8,1525.2,1525.5,1525.8,1526.1,1526.4,1526.7,1526.9,1527.1,1527.4,1527.6,1527.7,1527.9,1528.1,1528.2,1528.4,1528.5,1528.7,1528.8,1528.9,1529,1529.2,1529.3,1529.4,1529.5,1529.6,1529.7,1529.8,1529.8,1529.9,1530,1530.1,1530.2,1530.2,1530.3,1530.4,1530.4,1530.5
4.6,1523.5,1525,1526.1,1527.1,1527.9,1528.6,1529.2,1529.7,1530.2,1530.7,1531.1,1531.4,1531.8,1532.1,1532.4,1532.7,1532.9,1533.1,1533.4,1533.6,1533.8,1534,1534.1,1534.3,1534.5,1534.6,1534.8,1534.9,1535,1535.2,1535.3,1535.4,1535.5,1535.6,1535.7,1535.8,1535.9,1536,1536.1,1536.2,1536.3,1536.4,1536.5,1536.6,1536.6,1536.7
4.7,1527.8,1529.4,1530.7,1531.7,1532.6,1533.4,1534.1,1534.7,1535.2,1535.7,1536.1,1536.6,1536.9,1537.3,1537.6,1537.9,1538.2,1538.4,1538.7,1538.9,1539.1,1539.4,1539.5,1539.7,1539.9,1540.1,1540.3,1540.4,1540.6,1540.7,1540.8,1541,1541.1,1541.2,1541.3,1541.5,1541.6,1541.7,1541.8,1541.9,1542,1542.1,1542.2,1542.3,1542.3,1542.4
4.8,1531.7,1533.4,1534.7,1535.9,1536.9,1537.7,1538.4,1539.1,1539.7,1540.2,1540.7,1541.2,1541.6,1542,1542.3,1542.7,1543,1543.3,1543.5,1543.8,1544,1544.3,1544.5,1544.7,1544.9,1545.1,1545.3,1545.4,1545.6,1545.8,1545.9,1546.1,1546.2,1546.4,1546.5,1546.6,1546.7,1546.9,1547,1547.1,1547.2,1547.3,1547.4,1547.5,1547.6,1547.7
4.9,1535,1536.9,1538.3,1539.6,1540.6,1541.6,1542.4,1543.1,1543.7,1544.3,1544.9,1545.4,1545.8,1546.2,1546.6,1547,1547.3,1547.6,1547.9,1548.2,1548.5,1548.7,1549,1549.2,1549.4,1549.6,1549.8,1550,1550.2,1550.4,1550.6,1550.7,1550.9,1551,1551.2,1551.3,1551.5,1551.6,1551.7,1551.9,1552,1552.1,1552.2,1552.3,1552.4,1552.5
5.0,1538,1539.9,1541.5,1542.9,1544,1545,1545.9,1546.6,1547.3,1548,1548.6,1549.1,1549.6,1550,1550.5,1550.9,1551.2,1551.6,1551.9,1552.2,1552.5,1552.8,1553.1,1553.3,1553.6,1553.8,1554,1554.2,1554.4,1554.6,1554.8,1555,1555.2,1555.3,1555.5,1555.6,1555.8,1555.9,1556.1,1556.2,1556.3,1556.5,1556.6,1556.7,1556.8,1557
5.1,1540.5,1542.6,1544.3,1545.7,1546.9,1548,1548.9,1549.8,1550.5,1551.2,1551.8,1552.4,1553,1553.4,1553.9,1554.3,1554.7,1555.1,1555.5,1555.8,1556.1,1556.4,1556.7,1557,1557.3,1557.5,1557.8,1558,1558.2,1558.4,1558.6,1558.8,1559,1559.2,1559.4,1559.5,1559.7,1559.9,1560,1560.2,1560.3,1560.5,1560.6,1560.7,1560.9,1561
5.2,1542.6,1544.8,1546.6,1548.2,1549.5,1550.6,1551.6,1552.5,1553.3,1554.1,1554.7,1555.4,1555.9,1556.5,1557,1557.4,1557.9,1558.3,1558.7,1559,1559.4,1559.7,1560,1560.3,1560.6,1560.9,1561.1,1561.4,1561.6,1561.8,1562.1,1562.3,1562.5,1562.7,1562.9,1563.1,1563.2,1563.4,1563.6,1563.8,1563.9,1564.1,1564.2,1564.4,1564.5,1564.6
5.3,1544.4,1546.7,1548.6,1550.3,1551.6,1552.9,1553.9,1554.9,1555.7,1556.5,1557.3,1557.9,1558.5,1559.1,1559.6,1560.1,1560.6,1561,1561.5,1561.8,1562.2,1562.6,1562.9,1563.2,1563.5,1563.8,1564.1,1564.4,1564.6,1564.9,1565.1,1565.4,1565.6,1565.8,1566,1566.2,1566.4,1566.6,1566.8,1567,1567.1,1567.3,1567.5,1567.6,1567.8,1567.9
5.4,1545.8,1548.3,1550.3,1552,1553.4,1554.7,1555.9,1556.9,1557.8,1558.6,1559.4,1560.1,1560.8,1561.4,1561.9,1562.5,1563,1563.5,1563.9,1564.3,1564.7,1565.1,1565.5,1565.8,1566.1,1566.5,1566.8,1567,1567.3,1567.6,1567.9,1568.1,1568.3,1568.6,1568.8,1569,1569.2,1569.4,1569.6,1569.8,1570,1570.2,1570.4,1570.5,1570.7,1570.9
5.5,1546.9,1549.5,1551.6,1553.4,1554.9,1556.3,1557.5,1558.5,1559.5,1560.4,1561.2,1562,1562.7,1563.3,1563.9,1564.5,1565,1565.5,1566,1566.4,1566.9,1567.3,1567.7,1568,1568.4,1568.7,1569,1569.4,1569.7,1569.9,1570.2,1570.5,1570.7,1571,1571.2,1571.5,1571.7,1571.9,1572.1,1572.3,1572.5,1572.7,1572.9,1573.1,1573.3,1573.5
5.6,1547.7,1550.4,1552.6,1554.5,1556.1,1557.5,1558.8,1559.9,1560.9,1561.8,1562.7,1563.5,1564.2,1564.9,1565.6,1566.2,1566.7,1567.3,1567.8,1568.2,1568.7,1569.1,1569.5,1569.9,1570.3,1570.7,1571,1571.3,1571.7,1572,1572.3,1572.5,1572.8,1573.1,1573.3,1573.6,1573.8,1574.1,1574.3,1574.5,1574.7,1575,1575.2,1575.4,1575.5,1575.7
5.7,1548.2,1551,1553.3,1555.2,1556.9,1558.4,1559.7,1560.9,1562,1563,1563.9,1564.7,1565.5,1566.2,1566.9,1567.5,1568.1,1568.7,1569.2,1569.7,1570.2,1570.6,1571.1,1571.5,1571.9,1572.3,1572.7,1573,1573.3,1573.7,1574,1574.3,1574.6,1574.9,1575.1,1575.4,1575.7,1575.9,1576.2,1576.4,1576.6,1576.8,1577.1,1577.3,1577.5,1577.7
5.8,1548.4,1551.3,1553.7,1555.7,1557.5,1559,1560.4,1561.7,1562.8,1563.8,1564.8,1565.6,1566.4,1567.2,1567.9,1568.6,1569.2,1569.8,1570.4,1570.9,1571.4,1571.9,1572.3,1572.8,1573.2,1573.6,1574,1574.4,1574.7,1575.1,1575.4,1575.7,1576,1576.3,1576.6,1576.9,1577.2,1577.5,1577.7,1578,1578.2,1578.4,1578.7,1578.9,1579.1,1579.3
5.9,1548.4,1551.4,1553.9,1556,1557.8,1559.4,1560.8,1562.1,1563.3,1564.4,1565.4,1566.3,1567.1,1567.9,1568.7,1569.4,1570,1570.6,1571.2,1571.8,1572.3,1572.8,1573.3,1573.8,1574.2,1574.6,1575,1575.4,1575.8,1576.2,1576.5,1576.9,1577.2,1577.5,1577.8,1578.1,1578.4,1578.7,1579,1579.2,1579.5,1579.7,1580,1580.2,1580.5,1580.7
6.0,1548.2,1551.3,1553.8,1556,1557.9,1559.5,1561,1562.4,1563.6,1564.7,1565.7,1566.7,1567.6,1568.4,1569.1,1569.9,1570.6,1571.2,1571.8,1572.4,1573,1573.5,1574,1574.5,1574.9,1575.4,1575.8,1576.2,1576.6,1577,1577.4,1577.7,1578.1,1578.4,1578.7,1579.1,1579.4,1579.7,1579.9,1580.2,1580.5,1580.8,1581,1581.3,1581.5,1581.8
6.1,1547.8,1550.9,1553.6,1555.8,1557.7,1559.4,1561,1562.4,1563.6,1564.8,1565.8,1566.8,1567.7,1568.6,1569.4,1570.1,1570.9,1571.5,1572.2,1572.8,1573.4,1573.9,1574.4,1574.9,1575.4,1575.9,1576.3,1576.8,1577.2,1577.6,1578,1578.3,1578.7,1579.1,1579.4,1579.7,1580,1580.4,1580.7,1581,1581.2,1581.5,1581.8,1582.1,1582.3,1582.6
6.2,1547.2,1550.4,1553.1,1555.4,1557.4,1559.1,1560.7,1562.1,1563.4,1564.6,1565.7,1566.7,1567.7,1568.6,1569.4,1570.2,1570.9,1571.6,1572.3,1572.9,1573.5,1574.1,1574.6,1575.2,1575.7,1576.2,1576.6,1577.1,1577.5,1577.9,1578.3,1578.7,1579.1,1579.5,1579.8,1580.2,1580.5,1580.8,1581.1,1581.4,1581.7,1582,1582.3,1582.6,1582.9,1583.1
6.3,1546.4,1549.7,1552.5,1554.8,1556.9,1558.7,1560.3,1561.7,1563.1,1564.3,1565.4,1566.5,1567.4,1568.4,1569.2,1570,1570.8,1571.5,1572.2,1572.8,1573.5,1574.1,1574.6,1575.2,1575.7,1576.2,1576.7,1577.1,1577.6,1578,1578.4,1578.8,1579.2,1579.6,1580,1580.3,1580.7,1581,1581.4,1581.7,1582,1582.3,1582.6,1582.9,1583.2,1583.4
6.4,1545.5,1548.9,1551.7,1554.1,1556.2,1558,1559.7,1561.2,1562.5,1563.8,1564.9,1566,1567,1567.9,1568.8,1569.7,1570.4,1571.2,1571.9,1572.6,1573.2,1573.8,1574.4,1575,1575.5,1576,1576.5,1577,1577.5,1577.9,1578.4,1578.8,1579.2,1579.6,1580,1580.3,1580.7,1581,1581.4,1581.7,1582,1582.3,1582.7,1583,1583.2,1583.5
6.5,1544.5,1547.9,1550.8,1553.2,1555.3,1557.2,1558.9,1560.4,1561.8,1563.1,1564.3,1565.4,1566.4,1567.4,1568.3,1569.1,1569.9,1570.7,1571.4,1572.1,1572.8,1573.4,1574,1574.6,1575.1,1575.7,1576.2,1576.7,1577.2,1577.6,1578.1,1578.5,1578.9,1579.3,1579.7,1580.1,1580.5,1580.8,1581.2,1581.5,1581.9,1582.2,1582.5,1582.8,1583.1,1583.4
6.6,1543.4,1546.8,1549.7,1552.2,1554.3,1556.3,1558,1559.5,1561,1562.3,1563.5,1564.6,1565.6,1566.6,1567.6,1568.4,1569.2,1570,1570.8,1571.5,1572.2,1572.8,1573.4,1574,1574.6,1575.1,1575.7,1576.2,1576.7,1577.1,1577.6,1578,1578.5,1578.9,1579.3,1579.7,1580.1,1580.5,1580.8,1581.2,1581.5,1581.8,1582.2,1582.5,1582.8,1583.1
6.7,1542.1,1545.6,1548.6,1551.1,1553.3,1555.2,1556.9,1558.5,1560,1561.3,1562.5,1563.7,1564.8,1565.8,1566.7,1567.6,1568.4,1569.2,1570,1570.7,1571.4,1572.1,1572.7,1573.3,1573.9,1574.4,1575,1575.5,1576,1576.5,1577,1577.4,1577.9,1578.3,1578.7,1579.1,1579.5,1579.9,1580.3,1580.6,1581,1581.3,1581.7,1582,1582.3,1582.6
6.8,1540.8,1544.3,1547.3,1549.8,1552.1,1554,1555.8,1557.4,1558.9,1560.2,1561.5,1562.6,1563.7,1564.8,1565.7,1566.6,1567.5,1568.3,1569.1,1569.8,1570.5,1571.2,1571.8,1572.4,1573,1573.6,1574.2,1574.7,1575.2,1575.7,1576.2,1576.7,1577.1,1577.6,1578,1578.4,1578.8,1579.2,1579.6,1579.9,1580.3,1580.7,1581,1581.3,1581.7,1582
6.9,1539.4,1543,1546,1548.5,1550.8,1552.8,1554.6,1556.2,1557.7,1559.1,1560.3,1561.5,1562.6,1563.6,1564.6,1565.5,1566.4,1567.2,1568,1568.8,1569.5,1570.2,1570.8,1571.5,1572.1,1572.7,1573.2,1573.8,1574.3,1574.8,1575.3,1575.8,1576.2,1576.7,1577.1,1577.5,1577.9,1578.3,1578.7,1579.1,1579.5,1579.9,1580.2,1580.6,1580.9,1581.2
7.0,1538,1541.6,1544.6,1547.2,1549.4,1551.4,1553.3,1554.9,1556.4,1557.8,1559.1,1560.3,1561.4,1562.4,1563.4,1564.4,1565.2,1566.1,1566.9,1567.6,1568.4,1569.1,1569.7,1570.4,1571,1571.6,1572.2,1572.7,1573.2,1573.8,1574.3,1574.7,1575.2,1575.7,1576.1,1576.5,1577,1577.4,1577.8,1578.2,1578.5,1578.9,1579.3,1579.6,1580,1580.3
7.1,1536.4,1540.1,1543.1,1545.7,1548,1550,1551.9,1553.5,1555,1556.4,1557.7,1559,1560.1,1561.1,1562.1,1563.1,1564,1564.8,1565.6,1566.4,1567.1,1567.8,1568.5,1569.2,1569.8,1570.4,1571,1571.6,1572.1,1572.6,1573.1,1573.6,1574.1,1574.6,1575,1575.5,1575.9,1576.3,1576.7,1577.1,1577.5,1577.9,1578.2,1578.6,1578.9,1579.3
7.2,1534.9,1538.5,1541.6,1544.2,1546.5,1548.6,1550.4,1552.1,1553.6,1555,1556.3,1557.6,1558.7,1559.8,1560.8,1561.7,1562.6,1563.5,1564.3,1565.1,1565.8,1566.6,1567.2,1567.9,1568.5,1569.1,1569.7,1570.3,1570.9,1571.4,1571.9,1572.4,1572.9,1573.4,1573.8,1574.3,1574.7,1575.1,1575.5,1575.9,1576.3,1576.7,1577.1,1577.4,1577.8,1578.1
7.3,1533.3,1537,1540,1542.7,1545,1547,1548.9,1550.6,1552.1,1553.6,1554.9,1556.1,1557.3,1558.3,1559.4,1560.3,1561.2,1562.1,1562.9,1563.7,1564.5,1565.2,1565.9,1566.5,1567.2,1567.8,1568.4,1569,1569.5,1570.1,1570.6,1571.1,1571.6,1572.1,1572.5,1573,1573.4,1573.8,1574.3,1574.7,1575.1,1575.4,1575.8,1576.2,1576.5,1576.9
7.4,1531.7,1535.3,1538.4,1541.1,1543.4,1545.5,1547.3,1549,1550.6,1552,1553.4,1554.6,1555.8,1556.8,1557.9,1558.8,1559.8,1560.6,1561.5,1562.3,1563,1563.7,1564.4,1565.1,1565.8,1566.4,1567,1567.6,1568.1,1568.7,1569.2,1569.7,1570.2,1570.7,1571.2,1571.6,1572.1,1572.5,1572.9,1573.3,1573.7,1574.1,1574.5,1574.9,1575.2,1575.6
7.5,1530,1533.7,1536.8,1539.5,1541.8,1543.9,1545.8,1547.5,1549,1550.5,1551.8,1553,1554.2,1555.3,1556.3,1557.3,1558.2,1559.1,1559.9,1560.7,1561.5,1562.2,1563,1563.6,1564.3,1564.9,1565.5,1566.1,1566.7,1567.2,1567.7,1568.3,1568.8,1569.3,1569.7,1570.2,1570.6,1571.1,1571.5,1571.9,1572.3,1572.7,1573.1,1573.5,1573.8,1574.2
7.6,1528.3,1532,1535.1,1537.8,1540.2,1542.2,1544.1,1545.8,1547.4,1548.8,1550.2,1551.4,1552.6,1553.7,1554.7,1555.7,1556.7,1557.5,1558.4,1559.2,1560,1560.7,1561.4,1562.1,1562.7,1563.4,1564,1564.6,1565.2,1565.7,1566.2,1566.8,1567.3,1567.8,1568.2,1568.7,1569.1,1569.6,1570,1570.4,1570.8,1571.2,1571.6,1572,1572.4,1572.7
7.7,1526.6,1530.3,1533.4,1536.1,1538.5,1540.6,1542.5,1544.2,1545.8,1547.2,1548.5,1549.8,1551,1552.1,1553.1,1554.1,1555,1555.9,1556.8,1557.6,1558.4,1559.1,1559.8,1560.5,1561.2,1561.8,1562.4,1563,1563.6,1564.1,1564.7,1565.2,1565.7,1566.2,1566.7,1567.2,1567.6,1568.1,1568.5,1568.9,1569.3,1569.7,1570.1,1570.5,1570.9,1571.2
7.8,1524.9,1528.6,1531.7,1534.4,1536.8,1538.9,1540.8,1542.5,1544.1,1545.5,1546.9,1548.1,1549.3,1550.4,1551.5,1552.5,1553.4,1554.3,1555.1,1556,1556.7,1557.5,1558.2,1558.9,1559.6,1560.2,1560.8,1561.4,1562,1562.5,1563.1,1563.6,1564.1,1564.6,1565.1,1565.6,1566,1566.5,1566.9,1567.3,1567.7,1568.1,1568.5,1568.9,1569.3,1569.7
7.9,1523.2,1526.9,1530,1532.7,1535.1,1537.2,1539.1,1540.8,1542.4,1543.8,1545.2,1546.5,1547.6,1548.8,1549.8,1550.8,1551.7,1552.6,1553.5,1554.3,1555.1,1555.8,1556.5,1557.2,1557.9,1558.5,1559.2,1559.8,1560.3,1560.9,1561.4,1562,1562.5,1563,1563.5,1563.9,1564.4,1564.8,1565.3,1565.7,1566.1,1566.5,1566.9,1567.3,1567.7,1568.1
8.0,1521.5,1525.2,1528.3,1531,1533.4,1535.5,1537.4,1539.1,1540.7,1542.1,1543.5,1544.8,1545.9,1547,1548.1,1549.1,1550,1550.9,1551.8,1552.6,1553.4,1554.1,1554.9,1555.6,1556.2,1556.9,1557.5,1558.1,1558.7,1559.2,1559.8,1560.3,1560.8,1561.3,1561.8,1562.3,1562.7,1563.2,1563.6,1564.1,1564.5,1564.9,1565.3,1565.7,1566.1,1566.4
8.1,1519.7,1523.4,1526.6,1529.3,1531.6,1533.7,1535.6,1537.4,1538.9,1540.4,1541.8,1543,1544.2,1545.3,1546.4,1547.4,1548.3,1549.2,1550.1,1550.9,1551.7,1552.4,1553.2,1553.9,1554.5,1555.2,1555.8,1556.4,1557,1557.5,1558.1,1558.6,1559.1,1559.6,1560.1,1560.6,1561.1,1561.5,1561.9,1562.4,1562.8,1563.2,1563.6,1564,1564.4,1564.8
8.2,1518,1521.7,1524.8,1527.5,1529.9,1532,1533.9,1535.6,1537.2,1538.7,1540,1541.3,1542.5,1543.6,1544.7,1545.6,1546.6,1547.5,1548.4,1549.2,1550,1550.7,1551.4,1552.1,1552.8,1553.4,1554.1,1554.7,1555.3,1555.8,1556.4,1556.9,1557.4,1557.9,1558.4,1558.9,1559.4,1559.8,1560.2,1560.7,1561.1,1561.5,1561.9,1562.3,1562.7,1563
8.3,1516.3,1520,1523.1,1525.8,1528.1,1530.3,1532.2,1533.9,1535.5,1536.9,1538.3,1539.6,1540.7,1541.9,1542.9,1543.9,1544.9,1545.8,1546.6,1547.4,1548.2,1549,1549.7,1550.4,1551.1,1551.7,1552.3,1552.9,1553.5,1554.1,1554.6,1555.2,1555.7,1556.2,1556.7,1557.2,1557.6,1558.1,1558.5,1558.9,1559.4,1559.8,1560.2,1560.6,1561,1561.3
8.4,1514.5,1518.2,1521.4,1524,1526.4,1528.5,1530.4,1532.1,1533.7,1535.2,1536.5,1537.8,1539,1540.1,1541.2,1542.2,1543.1,1544,1544.9,1545.7,1546.5,1547.2,1547.9,1548.6,1549.3,1550,1550.6,1551.2,1551.8,1552.3,1552.9,1553.4,1553.9,1554.4,1554.9,1555.4,1555.9,1556.3,1556.8,1557.2,1557.6,1558,1558.4,1558.8,1559.2,1559.6
8.5,1512.8,1516.5,1519.6,1522.3,1524.7,1526.8,1528.7,1530.4,1532,1533.4,1534.8,1536,1537.2,1538.3,1539.4,1540.4,1541.3,1542.2,1543.1,1543.9,1544.7,1545.5,1546.2,1546.9,1547.6,1548.2,1548.8,1549.4,1550,1550.6,1551.1,1551.7,1552.2,1552.7,1553.2,1553.7,1554.1,1554.6,1555,1555.4,1555.9,1556.3,1556.7,1557.1,1557.5,1557.8
8.6,1511.1,1514.8,1517.9,1520.6,1522.9,1525,1526.9,1528.6,1530.2,1531.7,1533,1534.3,1535.5,1536.6,1537.6,1538.6,1539.6,1540.5,1541.3,1542.2,1542.9,1543.7,1544.4,1545.1,1545.8,1546.4,1547.1,1547.7,1548.2,1548.8,1549.4,1549.9,1550.4,1550.9,1551.4,1551.9,1552.3,1552.8,1553.2,1553.7,1554.1,1554.5,1554.9,1555.3,1555.7,1556.1
8.7,1509.4,1513,1516.1,1518.8,1521.2,1523.3,1525.2,1526.9,1528.5,1529.9,1531.3,1532.5,1533.7,1534.8,1535.9,1536.9,1537.8,1538.7,1539.6,1540.4,1541.2,1541.9,1542.7,1543.3,1544,1544.7,1545.3,1545.9,1546.5,1547,1547.6,1548.1,1548.6,1549.1,1549.6,1550.1,1550.6,1551,1551.5,1551.9,1552.3,1552.7,1553.1,1553.5,1553.9,1554.3
8.8,1507.6,1511.3,1514.4,1517.1,1519.4,1521.5,1523.4,1525.1,1526.7,1528.2,1529.5,1530.8,1532,1533.1,1534.1,1535.1,1536.1,1537,1537.8,1538.6,1539.4,1540.2,1540.9,1541.6,1542.2,1542.9,1543.5,1544.1,1544.7,1545.3,1545.8,1546.3,1546.9,1547.4,1547.8,1548.3,1548.8,1549.2,1549.7,1550.1,1550.5,1550.9,1551.3,1551.7,1552.1,1552.5
8.9,1505.9,1509.6,1512.7,1515.4,1517.7,1519.8,1521.7,1523.4,1525,1526.4,1527.8,1529,1530.2,1531.3,1532.4,1533.3,1534.3,1535.2,1536,1536.9,1537.6,1538.4,1539.1,1539.8,1540.5,1541.1,1541.7,1542.3,1542.9,1543.5,1544,1544.6,1545.1,1545.6,1546.1,1546.5,1547,1547.5,1547.9,1548.3,1548.7,1549.1,1549.5,1549.9,1550.3,1550.7
9.0,1504.2,1507.9,1511,1513.6,1516,1518.1,1519.9,1521.7,1523.2,1524.7,1526,1527.3,1528.4,1529.6,1530.6,1531.6,1532.5,1533.4,1534.3,1535.1,1535.9,1536.6,1537.3,1538,1538.7,1539.3,1540,1540.6,1541.1,1541.7,1542.2,1542.8,1543.3,1543.8,1544.3,1544.8,1545.2,1545.7,1546.1,1546.5,1546.9,1547.4,1547.8,1548.1,1548.5,1548.9
9.1,1502.6,1506.2,1509.3,1511.9,1514.3,1516.3,1518.2,1519.9,1521.5,1522.9,1524.3,1525.5,1526.7,1527.8,1528.8,1529.8,1530.8,1531.7,1532.5,1533.3,1534.1,1534.8,1535.6,1536.3,1536.9,1537.6,1538.2,1538.8,1539.4,1539.9,1540.5,1541,1541.5,1542,1542.5,1543,1543.4,1543.9,1544.3,1544.7,1545.2,1545.6,1546,1546.4,1546.7,1547.1
9.2,1500.9,1504.5,1507.6,1510.2,1512.6,1514.6,1516.5,1518.2,1519.8,1521.2,1522.5,1523.8,1525,1526.1,1527.1,1528.1,1529,1529.9,1530.8,1531.6,1532.3,1533.1,1533.8,1534.5,1535.1,1535.8,1536.4,1537,1537.6,1538.1,1538.7,1539.2,1539.7,1540.2,1540.7,1541.2,1541.6,1542.1,1542.5,1542.9,1543.4,1543.8,1544.2,1544.6,1544.9,1545.3
9.3,1499.2,1502.8,1505.9,1508.5,1510.9,1512.9,1514.8,1516.5,1518,1519.5,1520.8,1522.1,1523.2,1524.3,1525.4,1526.3,1527.3,1528.2,1529,1529.8,1530.6,1531.3,1532,1532.7,1533.4,1534,1534.6,1535.2,1535.8,1536.4,1536.9,1537.4,1537.9,1538.4,1538.9,1539.4,1539.9,1540.3,1540.7,1541.2,1541.6,1542,1542.4,1542.8,1543.1,1543.5
9.4,1497.6,1501.2,1504.2,1506.9,1509.2,1511.2,1513.1,1514.8,1516.3,1517.8,1519.1,1520.3,1521.5,1522.6,1523.6,1524.6,1525.5,1526.4,1527.3,1528.1,1528.8,1529.6,1530.3,1531,1531.6,1532.3,1532.9,1533.5,1534,1534.6,1535.1,1535.7,1536.2,1536.7,1537.1,1537.6,1538.1,1538.5,1539,1539.4,1539.8,1540.2,1540.6,1541,1541.4,1541.7
9.5,1495.9,1499.5,1502.6,1505.2,1507.5,1509.5,1511.4,1513.1,1514.6,1516.1,1517.4,1518.6,1519.8,1520.9,1521.9,1522.9,1523.8,1524.7,1525.5,1526.3,1527.1,1527.8,1528.5,1529.2,1529.9,1530.5,1531.1,1531.7,1532.3,1532.8,1533.4,1533.9,1534.4,1534.9,1535.4,1535.8,1536.3,1536.7,1537.2,1537.6,1538,1538.4,1538.8,1539.2,1539.6,1539.9
9.6,1494.3,1497.9,1500.9,1503.5,1505.8,1507.9,1509.7,1511.4,1512.9,1514.4,1515.7,1516.9,1518.1,1519.1,1520.2,1521.1,1522.1,1522.9,1523.8,1524.6,1525.3,1526.1,1526.8,1527.5,1528.1,1528.8,1529.4,1530,1530.5,1531.1,1531.6,1532.1,1532.6,1533.1,1533.6,1534.1,1534.5,1535,1535.4,1535.8,1536.2,1536.6,1537,1537.4,1537.8,1538.1
9.7,1492.7,1496.2,1499.3,1501.9,1504.2,1506.2,1508,1509.7,1511.2,1512.7,1514,1515.2,1516.4,1517.4,1518.5,1519.4,1520.4,1521.2,1522.1,1522.9,1523.6,1524.4,1525.1,1525.7,1526.4,1527,1527.6,1528.2,1528.8,1529.3,1529.9,1530.4,1530.9,1531.4,1531.8,1532.3,1532.8,1533.2,1533.6,1534.1,1534.5,1534.9,1535.2,1535.6,1536,1536.4
9.8,1491,1494.6,1497.6,1500.2,1502.5,1504.5,1506.4,1508,1509.6,1511,1512.3,1513.5,1514.7,1515.7,1516.8,1517.7,1518.6,1519.5,1520.3,1521.1,1521.9,1522.6,1523.3,1524,1524.7,1525.3,1525.9,1526.5,1527,1527.6,1528.1,1528.6,1529.1,1529.6,1530.1,1530.6,1531,1531.4,1531.9,1532.3,1532.7,1533.1,1533.5,1533.9,1534.2,1534.6
9.9,1489.5,1493,1496,1498.6,1500.9,1502.9,1504.7,1506.4,1507.9,1509.3,1510.6,1511.8,1513,1514.1,1515.1,1516,1516.9,1517.8,1518.6,1519.4,1520.2,1520.9,1521.6,1522.3,1522.9,1523.6,1524.2,1524.7,1525.3,1525.8,1526.4,1526.9,1527.4,1527.9,1528.3,1528.8,1529.3,1529.7,1530.1,1530.5,1530.9,1531.3,1531.7,1532.1,1532.5,1532.8
10.0,1487.9,1491.4,1494.4,1497,1499.2,1501.3,1503.1,1504.7,1506.3,1507.7,1509,1510.2,1511.3,1512.4,1513.4,1514.3,1515.3,1516.1,1516.9,1517.7,1518.5,1519.2,1519.9,1520.6,1521.2,1521.8,1522.4,1523,1523.6,1524.1,1524.6,1525.2,1525.7,1526.1,1526.6,1527.1,1527.5,1527.9,1528.4,1528.8,1529.2,1529.6,1530,1530.3,1530.7,1531.1
10.1,1486.3,1489.8,1492.8,1495.4,1497.6,1499.6,1501.5,1503.1,1504.6,1506,1507.3,1508.5,1509.6,1510.7,1511.7,1512.7,1513.6,1514.4,1515.3,1516,1516.8,1517.5,1518.2,1518.9,1519.5,1520.1,1520.7,1521.3,1521.9,1522.4,1522.9,1523.4,1523.9,1524.4,1524.9,1525.3,1525.8,1526.2,1526.6,1527,1527.4,1527.8,1528.2,1528.6,1529,1529.3
10.2,1484.7,1488.3,1491.2,1493.8,1496,1498,1499.8,1501.5,1503,1504.4,1505.7,1506.9,1508,1509.1,1510.1,1511,1511.9,1512.8,1513.6,1514.4,1515.1,1515.8,1516.5,1517.2,1517.8,1518.4,1519,1519.6,1520.2,1520.7,1521.2,1521.7,1522.2,1522.7,1523.2,1523.6,1524.1,1524.5,1524.9,1525.3,1525.7,1526.1,1526.5,1526.9,1527.2,1527.6
10.3,1483.2,1486.7,1489.7,1492.2,1494.4,1496.4,1498.2,1499.9,1501.4,1502.8,1504,1505.2,1506.4,1507.4,1508.4,1509.4,1510.3,1511.1,1511.9,1512.7,1513.4,1514.2,1514.8,1515.5,1516.1,1516.7,1517.3,1517.9,1518.5,1519,1519.5,1520,1520.5,1521,1521.5,1521.9,1522.3,1522.8,1523.2,1523.6,1524,1524.4,1524.8,1525.1,1525.5,1525.9
10.4,1481.7,1485.2,1488.1,1490.6,1492.9,1494.8,1496.6,1498.3,1499.8,1501.1,1502.4,1503.6,1504.7,1505.8,1506.8,1507.7,1508.6,1509.5,1510.3,1511,1511.8,1512.5,1513.2,1513.8,1514.5,1515.1,1515.7,1516.2,1516.8,1517.3,1517.8,1518.3,1518.8,1519.3,1519.8,1520.2,1520.6,1521.1,1521.5,1521.9,1522.3,1522.7,1523,1523.4,1523.8,1524.1
10.5,1480.1,1483.6,1486.6,1489.1,1491.3,1493.3,1495.1,1496.7,1498.2,1499.5,1500.8,1502,1503.1,1504.2,1505.1,1506.1,1507,1507.8,1508.6,1509.4,1510.1,1510.8,1511.5,1512.2,1512.8,1513.4,1514,1514.6,1515.1,1515.6,1516.1,1516.6,1517.1,1517.6,1518.1,1518.5,1518.9,1519.4,1519.8,1520.2,1520.6,1521,1521.3,1521.7,1522.1,1522.4
10.6,1478.6,1482.1,1485,1487.5,1489.7,1491.7,1493.5,1495.1,1496.6,1497.9,1499.2,1500.4,1501.5,1502.5,1503.5,1504.5,1505.3,1506.2,1507,1507.8,1508.5,1509.2,1509.9,1510.5,1511.1,1511.7,1512.3,1512.9,1513.4,1514,1514.5,1515,1515.5,1515.9,1516.4,1516.8,1517.3,1517.7,1518.1,1518.5,1518.9,1519.3,1519.6,1520,1520.4,1520.7
10.7,1477.1,1480.6,1483.5,1486,1488.2,1490.2,1491.9,1493.5,1495,1496.4,1497.6,1498.8,1499.9,1500.9,1501.9,1502.9,1503.7,1504.6,1505.4,1506.1,1506.9,1507.6,1508.2,1508.9,1509.5,1510.1,1510.7,1511.2,1511.8,1512.3,1512.8,1513.3,1513.8,1514.3,1514.7,1515.2,1515.6,1516,1516.4,1516.8,1517.2,1517.6,1518,1518.3,1518.7,1519
10.8,1475.7,1479.1,1482,1484.5,1486.7,1488.6,1490.4,1492,1493.4,1494.8,1496.1,1497.2,1498.3,1499.4,1500.3,1501.3,1502.1,1503,1503.8,1504.5,1505.2,1505.9,1506.6,1507.2,1507.9,1508.5,1509,1509.6,1510.1,1510.7,1511.2,1511.7,1512.1,1512.6,1513.1,1513.5,1513.9,1514.3,1514.7,1515.1,1515.5,1515.9,1516.3,1516.6,1517,1517.3
10.9,1474.2,1477.6,1480.5,1483,1485.2,1487.1,1488.8,1490.4,1491.9,1493.2,1494.5,1495.7,1496.8,1497.8,1498.8,1499.7,1500.5,1501.4,1502.2,1502.9,1503.6,1504.3,1505,1505.6,1506.2,1506.8,1507.4,1508,1508.5,1509,1509.5,1510,1510.5,1511,1511.4,1511.8,1512.3,1512.7,1513.1,1513.5,1513.9,1514.2,1514.6,1515,1515.3,1515.7
11.0,1472.7,1476.1,1479,1481.5,1483.6,1485.6,1487.3,1488.9,1490.4,1491.7,1492.9,1494.1,1495.2,1496.2,1497.2,1498.1,1499,1499.8,1500.6,1501.3,1502,1502.7,1503.4,1504,1504.6,1505.2,1505.8,1506.3,1506.9,1507.4,1507.9,1508.4,1508.9,1509.3,1509.8,1510.2,1510.6,1511,1511.4,1511.8,1512.2,1512.6,1513,1513.3,1513.7,1514
11.1,1471.3,1474.7,1477.5,1480,1482.2,1484.1,1485.8,1487.4,1488.8,1490.2,1491.4,1492.6,1493.6,1494.7,1495.6,1496.5,1497.4,1498.2,1499,1499.7,1500.5,1501.1,1501.8,1502.4,1503,1503.6,1504.2,1504.7,1505.3,1505.8,1506.3,1506.8,1507.2,1507.7,1508.1,1508.6,1509,1509.4,1509.8,1510.2,1510.6,1510.9,1511.3,1511.7,1512,1512.3
11.2,1469.8,1473.2,1476.1,1478.5,1480.7,1482.6,1484.3,1485.9,1487.3,1488.6,1489.9,1491,1492.1,1493.1,1494.1,1495,1495.8,1496.6,1497.4,1498.2,1498.9,1499.6,1500.2,1500.8,1501.5,1502,1502.6,1503.1,1503.7,1504.2,1504.7,1505.2,1505.6,1506.1,1506.5,1506.9,1507.4,1507.8,1508.2,1508.6,1508.9,1509.3,1509.7,1510,1510.4,1510.7
11.3,1468.4,1471.8,1474.6,1477.1,1479.2,1481.1,1482.8,1484.4,1485.8,1487.1,1488.4,1489.5,1490.6,1491.6,1492.5,1493.4,1494.3,1495.1,1495.9,1496.6,1497.3,1498,1498.6,1499.3,1499.9,1500.5,1501,1501.6,1502.1,1502.6,1503.1,1503.6,1504,1504.5,1504.9,1505.3,1505.8,1506.2,1506.6,1506.9,1507.3,1507.7,1508,1508.4,1508.7,1509.1
11.4,1467,1470.4,1473.2,1475.6,1477.7,1479.6,1481.3,1482.9,1484.3,1485.6,1486.9,1488,1489.1,1490.1,1491,1491.9,1492.8,1493.6,1494.3,1495.1,1495.8,1496.4,1497.1,1497.7,1498.3,1498.9,1499.4,1500,1500.5,1501,1501.5,1502,1502.4,1502.9,1503.3,1503.7,1504.2,1504.6,1505,1505.3,1505.7,1506.1,1506.4,1506.8,1507.1,1507.5
11.5,1465.6,1468.9,1471.8,1474.2,1476.3,1478.2,1479.9,1481.4,1482.8,1484.2,1485.4,1486.5,1487.6,1488.6,1489.5,1490.4,1491.2,1492,1492.8,1493.5,1494.2,1494.9,1495.5,1496.2,1496.8,1497.3,1497.9,1498.4,1498.9,1499.4,1499.9,1500.4,1500.9,1501.3,1501.7,1502.2,1502.6,1503,1503.4,1503.7,1504.1,1504.5,1504.8,1505.2,1505.5,1505.8
11.6,1464.2,1467.5,1470.3,1472.7,1474.9,1476.7,1478.4,1480,1481.4,1482.7,1483.9,1485,1486.1,1487.1,1488,1488.9,1489.7,1490.5,1491.3,1492,1492.7,1493.4,1494,1494.6,1495.2,1495.8,1496.3,1496.9,1497.4,1497.9,1498.4,1498.8,1499.3,1499.7,1500.2,1500.6,1501,1501.4,1501.8,1502.2,1502.5,1502.9,1503.2,1503.6,1503.9,1504.2
11.7,1462.8,1466.2,1468.9,1471.3,1473.4,1475.3,1477,1478.5,1479.9,1481.2,1482.4,1483.5,1484.6,1485.6,1486.5,1487.4,1488.2,1489,1489.8,1490.5,1491.2,1491.8,1492.5,1493.1,1493.7,1494.2,1494.8,1495.3,1495.8,1496.3,1496.8,1497.3,1497.7,1498.2,1498.6,1499,1499.4,1499.8,1500.2,1500.6,1500.9,1501.3,1501.6,1502,1502.3,1502.7
11.8,1461.5,1464.8,1467.5,1469.9,1472,1473.9,1475.6,1477.1,1478.5,1479.8,1481,1482.1,1483.1,1484.1,1485,1485.9,1486.7,1487.5,1488.3,1489,1489.7,1490.3,1491,1491.6,1492.2,1492.7,1493.3,1493.8,1494.3,1494.8,1495.3,1495.7,1496.2,1496.6,1497,1497.5,1497.9,1498.3,1498.6,1499,1499.4,1499.7,1500.1,1500.4,1500.7,1501.1
11.9,1460.1,1463.4,1466.2,1468.5,1470.6,1472.5,1474.1,1475.7,1477,1478.3,1479.5,1480.6,1481.7,1482.6,1483.6,1484.4,1485.2,1486,1486.8,1487.5,1488.2,1488.8,1489.5,1490.1,1490.6,1491.2,1491.7,1492.3,1492.8,1493.3,1493.7,1494.2,1494.6,1495.1,1495.5,1495.9,1496.3,1496.7,1497.1,1497.5,1497.8,1498.2,1498.5,1498.9,1499.2,1499.5
12.0,1458.8,1462.1,1464.8,1467.2,1469.2,1471.1,1472.7,1474.2,1475.6,1476.9,1478.1,1479.2,1480.2,1481.2,1482.1,1483,1483.8,1484.6,1485.3,1486,1486.7,1487.3,1488,1488.6,1489.1,1489.7,1490.2,1490.8,1491.3,1491.7,1492.2,1492.7,1493.1,1493.6,1494,1494.4,1494.8,1495.2,1495.5,1495.9,1496.3,1496.6,1497,1497.3,1497.6,1497.9
12.1,1457.5,1460.7,1463.4,1465.8,1467.9,1469.7,1471.3,1472.8,1474.2,1475.5,1476.7,1477.7,1478.8,1479.7,1480.6,1481.5,1482.3,1483.1,1483.8,1484.5,1485.2,1485.9,1486.5,1487.1,1487.7,1488.2,1488.7,1489.3,1489.8,1490.2,1490.7,1491.2,1491.6,1492,1492.5,1492.9,1493.3,1493.6,1494,1494.4,1494.7,1495.1,1495.4,1495.8,1496.1,1496.4
12.2,1456.1,1459.4,1462.1,1464.4,1466.5,1468.3,1469.9,1471.4,1472.8,1474.1,1475.2,1476.3,1477.3,1478.3,1479.2,1480.1,1480.9,1481.6,1482.4,1483.1,1483.7,1484.4,1485,1485.6,1486.2,1486.7,1487.3,1487.8,1488.3,1488.7,1489.2,1489.7,1490.1,1490.5,1490.9,1491.3,1491.7,1492.1,1492.5,1492.9,1493.2,1493.6,1493.9,1494.2,1494.5,1494.9
12.3,1454.8,1458.1,1460.8,1463.1,1465.1,1466.9,1468.6,1470.1,1471.4,1472.7,1473.8,1474.9,1475.9,1476.9,1477.8,1478.6,1479.4,1480.2,1480.9,1481.6,1482.3,1482.9,1483.5,1484.1,1484.7,1485.3,1485.8,1486.3,1486.8,1487.3,1487.7,1488.2,1488.6,1489,1489.4,1489.8,1490.2,1490.6,1491,1491.3,1491.7,1492,1492.4,1492.7,1493,1493.3
12.4,1453.5,1456.7,1459.4,1461.7,1463.8,1465.6,1467.2,1468.7,1470,1471.3,1472.4,1473.5,1474.5,1475.5,1476.4,1477.2,1478,1478.8,1479.5,1480.2,1480.9,1481.5,1482.1,1482.7,1483.2,1483.8,1484.3,1484.8,1485.3,1485.8,1486.2,1486.7,1487.1,1487.5,1488,1488.4,1488.7,1489.1,1489.5,1489.8,1490.2,1490.5,1490.9,1491.2,1491.5,1491.8
12.5,1452.3,1455.4,1458.1,1460.4,1462.4,1464.2,1465.9,1467.3,1468.7,1469.9,1471.1,1472.1,1473.1,1474.1,1475,1475.8,1476.6,1477.4,1478.1,1478.8,1479.4,1480.1,1480.7,1481.2,1481.8,1482.3,1482.9,1483.4,1483.9,1484.3,1484.8,1485.2,1485.7,1486.1,1486.5,1486.9,1487.3,1487.6,1488,1488.4,1488.7,1489,1489.4,1489.7,1490,1490.3
12.6,1451,1454.1,1456.8,1459.1,1461.1,1462.9,1464.5,1466,1467.3,1468.5,1469.7,1470.7,1471.7,1472.7,1473.6,1474.4,1475.2,1475.9,1476.7,1477.3,1478,1478.6,1479.2,1479.8,1480.4,1480.9,1481.4,1481.9,1482.4,1482.9,1483.3,1483.8,1484.2,1484.6,1485,1485.4,1485.8,1486.2,1486.5,1486.9,1487.2,1487.6,1487.9,1488.2,1488.5,1488.8
12.7,1449.7,1452.9,1455.5,1457.8,1459.8,1461.6,1463.2,1464.6,1466,1467.2,1468.3,1469.4,1470.4,1471.3,1472.2,1473,1473.8,1474.5,1475.3,1475.9,1476.6,1477.2,1477.8,1478.4,1478.9,1479.5,1480,1480.5,1481,1481.4,1481.9,1482.3,1482.7,1483.1,1483.5,1483.9,1484.3,1484.7,1485,1485.4,1485.7,1486.1,1486.4,1486.7,1487,1487.3
12.8,1448.5,1451.6,1454.2,1456.5,1458.5,1460.3,1461.9,1463.3,1464.6,1465.8,1467,1468,1469,1469.9,1470.8,1471.6,1472.4,1473.2,1473.9,1474.5,1475.2,1475.8,1476.4,1477,1477.5,1478,1478.6,1479.1,1479.5,1480,1480.4,1480.9,1481.3,1481.7,1482.1,1482.5,1482.9,1483.2,1483.6,1483.9,1484.3,1484.6,1484.9,1485.3,1485.6,1485.9
12.9,1447.2,1450.3,1453,1455.2,1457.2,1459,1460.5,1462,1463.3,1464.5,1465.6,1466.7,1467.7,1468.6,1469.4,1470.3,1471,1471.8,1472.5,1473.1,1473.8,1474.4,1475,1475.6,1476.1,1476.6,1477.1,1477.6,1478.1,1478.6,1479,1479.4,1479.9,1480.3,1480.7,1481,1481.4,1481.8,1482.1,1482.5,1482.8,1483.2,1483.5,1483.8,1484.1,1484.4
13.0,1446,1449.1,1451.7,1453.9,1455.9,1457.7,1459.2,1460.7,1462,1463.2,1464.3,1465.3,1466.3,1467.2,1468.1,1468.9,1469.7,1470.4,1471.1,1471.8,1472.4,1473,1473.6,1474.2,1474.7,1475.2,1475.7,1476.2,1476.7,1477.2,1477.6,1478,1478.4,1478.8,1479.2,1479.6,1480,1480.3,1480.7,1481,1481.4,1481.7,1482,1482.3,1482.6,1482.9
13.1,1444.7,1447.8,1450.4,1452.7,1454.6,1456.4,1457.9,1459.4,1460.7,1461.9,1463,1464,1465,1465.9,1466.7,1467.5,1468.3,1469,1469.7,1470.4,1471,1471.6,1472.2,1472.8,1473.3,1473.8,1474.3,1474.8,1475.3,1475.7,1476.2,1476.6,1477,1477.4,1477.8,1478.2,1478.6,1478.9,1479.3,1479.6,1479.9,1480.3,1480.6,1480.9,1481.2,1481.5
13.2,1443.5,1446.6,1449.2,1451.4,1453.4,1455.1,1456.7,1458.1,1459.4,1460.6,1461.7,1462.7,1463.6,1464.6,1465.4,1466.2,1467,1467.7,1468.4,1469,1469.7,1470.3,1470.9,1471.4,1471.9,1472.5,1473,1473.4,1473.9,1474.4,1474.8,1475.2,1475.6,1476,1476.4,1476.8,1477.1,1477.5,1477.9,1478.2,1478.5,1478.8,1479.2,1479.5,1479.8,1480.1
13.3,1442.3,1445.4,1448,1450.2,1452.1,1453.8,1455.4,1456.8,1458.1,1459.3,1460.4,1461.4,1462.3,1463.2,1464.1,1464.9,1465.6,1466.4,1467,1467.7,1468.3,1468.9,1469.5,1470,1470.6,1471.1,1471.6,1472.1,1472.5,1473,1473.4,1473.8,1474.2,1474.6,1475,1475.4,1475.7,1476.1,1476.4,1476.8,1477.1,1477.4,1477.7,1478,1478.3,1478.6
13.4,1441.1,1444.2,1446.7,1448.9,1450.9,1452.6,1454.1,1455.5,1456.8,1458,1459.1,1460.1,1461,1461.9,1462.8,1463.6,1464.3,1465,1465.7,1466.4,1467,1467.6,1468.1,1468.7,1469.2,1469.7,1470.2,1470.7,1471.2,1471.6,1472,1472.4,1472.8,1473.2,1473.6,1474,1474.4,1474.7,1475,1475.4,1475.7,1476,1476.3,1476.6,1476.9,1477.2
13.5,1439.9,1443,1445.5,1447.7,1449.6,1451.3,1452.9,1454.2,1455.5,1456.7,1457.8,1458.8,1459.7,1460.6,1461.5,1462.2,1463,1463.7,1464.4,1465,1465.6,1466.2,1466.8,1467.3,1467.9,1468.4,1468.9,1469.3,1469.8,1470.2,1470.7,1471.1,1471.5,1471.9,1472.2,1472.6,1473,1473.3,1473.7,1474,1474.3,1474.6,1474.9,1475.2,1475.5,1475.8
13.6,1438.8,1441.8,1444.3,1446.5,1448.4,1450.1,1451.6,1453,1454.3,1455.4,1456.5,1457.5,1458.4,1459.3,1460.2,1460.9,1461.7,1462.4,1463.1,1463.7,1464.3,1464.9,1465.5,1466,1466.5,1467,1467.5,1468,1468.4,1468.9,1469.3,1469.7,1470.1,1470.5,1470.9,1471.2,1471.6,1471.9,1472.3,1472.6,1472.9,1473.2,1473.5,1473.8,1474.1,1474.4
13.7,1437.6,1440.6,1443.1,1445.3,1447.2,1448.9,1450.4,1451.7,1453,1454.2,1455.2,1456.2,1457.2,1458,1458.9,1459.6,1460.4,1461.1,1461.8,1462.4,1463,1463.6,1464.1,1464.7,1465.2,1465.7,1466.2,1466.6,1467.1,1467.5,1467.9,1468.4,1468.7,1469.1,1469.5,1469.9,1470.2,1470.6,1470.9,1471.2,1471.5,1471.9,1472.2,1472.5,1472.7,1473
13.8,1436.4,1439.4,1441.9,1444.1,1446,1447.6,1449.1,1450.5,1451.8,1452.9,1454,1455,1455.9,1456.8,1457.6,1458.4,1459.1,1459.8,1460.5,1461.1,1461.7,1462.3,1462.8,1463.4,1463.9,1464.4,1464.9,1465.3,1465.8,1466.2,1466.6,1467,1467.4,1467.8,1468.2,1468.5,1468.9,1469.2,1469.5,1469.9,1470.2,1470.5,1470.8,1471.1,1471.4,1471.7
13.9,1435.3,1438.2,1440.7,1442.9,1444.8,1446.4,1447.9,1449.3,1450.5,1451.7,1452.7,1453.7,1454.6,1455.5,1456.3,1457.1,1457.8,1458.5,1459.2,1459.8,1460.4,1461,1461.5,1462.1,1462.6,1463.1,1463.5,1464,1464.4,1464.9,1465.3,1465.7,1466.1,1466.4,1466.8,1467.2,1467.5,1467.9,1468.2,1468.5,1468.8,1469.1,1469.4,1469.7,1470,1470.3
14.0,1434.1,1437.1,1439.6,1441.7,1443.6,1445.2,1446.7,1448.1,1449.3,1450.4,1451.5,1452.5,1453.4,1454.2,1455.1,1455.8,1456.5,1457.2,1457.9,1458.5,1459.1,1459.7,1460.2,1460.8,1461.3,1461.8,1462.2,1462.7,1463.1,1463.5,1464,1464.4,1464.7,1465.1,1465.5,1465.8,1466.2,1466.5,1466.8,1467.2,1467.5,1467.8,1468.1,1468.4,1468.6,1468.9
14.1,1433,1435.9,1438.4,1440.5,1442.4,1444,1445.5,1446.8,1448.1,1449.2,1450.3,1451.2,1452.1,1453,1453.8,1454.6,1455.3,1456,1456.6,1457.2,1457.8,1458.4,1458.9,1459.5,1460,1460.5,1460.9,1461.4,1461.8,1462.2,1462.6,1463,1463.4,1463.8,1464.2,1464.5,1464.8,1465.2,1465.5,1465.8,1466.1,1466.4,1466.7,1467,1467.3,1467.6
14.2,1431.9,1434.8,1437.3,1439.4,1441.2,1442.8,1444.3,1445.6,1446.9,1448,1449,1450,1450.9,1451.8,1452.6,1453.3,1454,1454.7,1455.4,1456,1456.6,1457.1,1457.7,1458.2,1458.7,1459.2,1459.6,1460.1,1460.5,1460.9,1461.3,1461.7,1462.1,1462.5,1462.8,1463.2,1463.5,1463.9,1464.2,1464.5,1464.8,1465.1,1465.4,1465.7,1466,1466.2
14.3,1430.7,1433.7,1436.1,1438.2,1440,1441.7,1443.1,1444.5,1445.7,1446.8,1447.8,1448.8,1449.7,1450.5,1451.3,1452.1,1452.8,1453.5,1454.1,1454.7,1455.3,1455.9,1456.4,1456.9,1457.4,1457.9,1458.3,1458.8,1459.2,1459.6,1460,1460.4,1460.8,1461.2,1461.5,1461.9,1462.2,1462.5,1462.9,1463.2,1463.5,1463.8,1464.1,1464.3,1464.6,1464.9
14.4,1429.6,1432.5,1435,1437.1,1438.9,1440.5,1441.9,1443.3,1444.5,1445.6,1446.6,1447.6,1448.5,1449.3,1450.1,1450.8,1451.5,1452.2,1452.8,1453.5,1454,1454.6,1455.1,1455.6,1456.1,1456.6,1457.1,1457.5,1457.9,1458.3,1458.7,1459.1,1459.5,1459.9,1460.2,1460.6,1460.9,1461.2,1461.6,1461.9,1462.2,1462.5,1462.7,1463,1463.3,1463.6
14.5,1428.5,1431.4,1433.8,1435.9,1437.7,1439.3,1440.8,1442.1,1443.3,1444.4,1445.4,1446.4,1447.3,1448.1,1448.9,1449.6,1450.3,1451,1451.6,1452.2,1452.8,1453.3,1453.9,1454.4,1454.9,1455.3,1455.8,1456.2,1456.7,1457.1,1457.5,1457.9,1458.2,1458.6,1458.9,1459.3,1459.6,1459.9,1460.3,1460.6,1460.9,1461.2,1461.4,1461.7,1462,1462.3
14.6,1427.4,1430.3,1432.7,1434.8,1436.6,1438.2,1439.6,1440.9,1442.1,1443.2,1444.2,1445.2,1446.1,1446.9,1447.7,1448.4,1449.1,1449.8,1450.4,1451,1451.6,1452.1,1452.6,1453.1,1453.6,1454.1,1454.5,1455,1455.4,1455.8,1456.2,1456.6,1456.9,1457.3,1457.7,1458,1458.3,1458.6,1459,1459.3,1459.6,1459.9,1460.1,1460.4,1460.7,1460.9
14.7,1426.3,1429.2,1431.6,1433.7,1435.4,1437,1438.5,1439.8,1440.9,1442,1443,1444,1444.9,1445.7,1446.5,1447.2,1447.9,1448.5,1449.2,1449.8,1450.3,1450.9,1451.4,1451.9,1452.4,1452.8,1453.3,1453.7,1454.1,1454.5,1454.9,1455.3,1455.7,1456,1456.4,1456.7,1457,1457.4,1457.7,1458,1458.3,1458.6,1458.8,1459.1,1459.4,1459.6
14.8,1425.3,1428.1,1430.5,1432.5,1434.3,1435.9,1437.3,1438.6,1439.8,1440.9,1441.9,1442.8,1443.7,1444.5,1445.3,1446,1446.7,1447.3,1447.9,1448.5,1449.1,1449.6,1450.2,1450.7,1451.1,1451.6,1452,1452.5,1452.9,1453.3,1453.7,1454.1,1454.4,1454.8,1455.1,1455.5,1455.8,1456.1,1456.4,1456.7,1457,1457.3,1457.6,1457.8,1458.1,1458.4
14.9,1424.2,1427,1429.4,1431.4,1433.2,1434.8,1436.2,1437.5,1438.6,1439.7,1440.7,1441.6,1442.5,1443.3,1444.1,1444.8,1445.5,1446.1,1446.7,1447.3,1447.9,1448.4,1448.9,1449.4,1449.9,1450.4,1450.8,1451.2,1451.7,1452,1452.4,1452.8,1453.2,1453.5,1453.9,1454.2,1454.5,1454.8,1455.1,1455.4,1455.7,1456,1456.3,1456.6,1456.8,1457.1
15.0,1423.1,1425.9,1428.3,1430.3,1432.1,1433.6,1435.1,1436.3,1437.5,1438.6,1439.5,1440.5,1441.3,1442.1,1442.9,1443.6,1444.3,1444.9,1445.5,1446.1,1446.7,1447.2,1447.7,1448.2,1448.7,1449.2,1449.6,1450,1450.4,1450.8,1451.2,1451.6,1451.9,1452.3,1452.6,1452.9,1453.3,1453.6,1453.9,1454.2,1454.5,1454.7,1455,1455.3,1455.5,1455.8
15.1,1422.1,1424.9,1427.2,1429.2,1431,1432.5,1433.9,1435.2,1436.4,1437.4,1438.4,1439.3,1440.2,1441,1441.7,1442.4,1443.1,1443.7,1444.4,1444.9,1445.5,1446,1446.5,1447,1447.5,1447.9,1448.4,1448.8,1449.2,1449.6,1450,1450.3,1450.7,1451,1451.4,1451.7,1452,1452.3,1452.6,1452.9,1453.2,1453.5,1453.8,1454,1454.3,1454.5
15.2,1421,1423.8,1426.1,1428.1,1429.9,1431.4,1432.8,1434.1,1435.2,1436.3,1437.3,1438.2,1439,1439.8,1440.6,1441.3,1441.9,1442.6,1443.2,1443.8,1444.3,1444.8,1445.3,1445.8,1446.3,1446.7,1447.2,1447.6,1448,1448.4,1448.7,1449.1,1449.5,1449.8,1450.1,1450.5,1450.8,1451.1,1451.4,1451.7,1452,1452.2,1452.5,1452.8,1453,1453.3
15.3,1420,1422.8,1425.1,1427.1,1428.8,1430.3,1431.7,1433,1434.1,1435.2,1436.1,1437,1437.9,1438.7,1439.4,1440.1,1440.8,1441.4,1442,1442.6,1443.1,1443.6,1444.1,1444.6,1445.1,1445.5,1446,1446.4,1446.8,1447.2,1447.5,1447.9,1448.2,1448.6,1448.9,1449.2,1449.5,1449.9,1450.1,1450.4,1450.7,1451,1451.3,1451.5,1451.8,1452
15.4,1418.9,1421.7,1424,1426,1427.7,1429.2,1430.6,1431.9,1433,1434,1435,1435.9,1436.7,1437.5,1438.3,1439,1439.6,1440.2,1440.8,1441.4,1441.9,1442.5,1443,1443.4,1443.9,1444.3,1444.8,1445.2,1445.6,1446,1446.3,1446.7,1447,1447.4,1447.7,1448,1448.3,1448.6,1448.9,1449.2,1449.5,1449.8,1450,1450.3,1450.5,1450.8
15.5,1417.9,1420.7,1423,1424.9,1426.6,1428.2,1429.5,1430.8,1431.9,1432.9,1433.9,1434.8,1435.6,1436.4,1437.1,1437.8,1438.5,1439.1,1439.7,1440.2,1440.8,1441.3,1441.8,1442.3,1442.7,1443.2,1443.6,1444,1444.4,1444.8,1445.1,1445.5,1445.8,1446.2,1446.5,1446.8,1447.1,1447.4,1447.7,1448,1448.3,1448.5,1448.8,1449.1,1449.3,1449.5
15.6,1416.9,1419.6,1421.9,1423.9,1425.6,1427.1,1428.4,1429.7,1430.8,1431.8,1432.8,1433.7,1434.5,1435.3,1436,1436.7,1437.3,1437.9,1438.5,1439.1,1439.6,1440.1,1440.6,1441.1,1441.5,1442,1442.4,1442.8,1443.2,1443.6,1443.9,1444.3,1444.6,1445,1445.3,1445.6,1445.9,1446.2,1446.5,1446.8,1447,1447.3,1447.6,1447.8,1448.1,1448.3
15.7,1415.9,1418.6,1420.9,1422.8,1424.5,1426,1427.4,1428.6,1429.7,1430.7,1431.7,1432.5,1433.4,1434.1,1434.9,1435.5,1436.2,1436.8,1437.4,1437.9,1438.5,1439,1439.5,1439.9,1440.4,1440.8,1441.2,1441.6,1442,1442.4,1442.8,1443.1,1443.4,1443.8,1444.1,1444.4,1444.7,1445,1445.3,1445.6,1445.8,1446.1,1446.4,1446.6,1446.9,1447.1
15.8,1414.9,1417.6,1419.8,1421.8,1423.5,1424.9,1426.3,1427.5,1428.6,1429.6,1430.6,1431.4,1432.3,1433,1433.7,1434.4,1435.1,1435.7,1436.2,1436.8,1437.3,1437.8,1438.3,1438.8,1439.2,1439.6,1440.1,1440.5,1440.8,1441.2,1441.6,1441.9,1442.3,1442.6,1442.9,1443.2,1443.5,1443.8,1444.1,1444.4,1444.6,1444.9,1445.2,1445.4,1445.7,1445.9
15.9,1413.9,1416.6,1418.8,1420.7,1422.4,1423.9,1425.2,1426.4,1427.5,1428.5,1429.5,1430.3,1431.1,1431.9,1432.6,1433.3,1433.9,1434.5,1435.1,1435.7,1436.2,1436.7,1437.2,1437.6,1438.1,1438.5,1438.9,1439.3,1439.7,1440,1440.4,1440.8,1441.1,1441.4,1441.7,1442,1442.3,1442.6,1442.9,1443.2,1443.4,1443.7,1444,1444.2,1444.5,1444.7
16.0,1412.9,1415.6,1417.8,1419.7,1421.4,1422.8,1424.2,1425.4,1426.5,1427.5,1428.4,1429.2,1430.1,1430.8,1431.5,1432.2,1432.8,1433.4,1434,1434.5,1435.1,1435.6,1436,1436.5,1436.9,1437.3,1437.8,1438.1,1438.5,1438.9,1439.2,1439.6,1439.9,1440.2,1440.6,1440.9,1441.2,1441.4,1441.7,1442,1442.3,1442.5,1442.8,1443,1443.3,1443.5
16.1,1411.9,1414.6,1416.8,1418.7,1420.3,1421.8,1423.1,1424.3,1425.4,1426.4,1427.3,1428.2,1429,1429.7,1430.4,1431.1,1431.7,1432.3,1432.9,1433.4,1433.9,1434.4,1434.9,1435.4,1435.8,1436.2,1436.6,1437,1437.4,1437.7,1438.1,1438.4,1438.8,1439.1,1439.4,1439.7,1440,1440.3,1440.5,1440.8,1441.1,1441.3,1441.6,1441.8,1442.1,1442.3
16.2,1410.9,1413.6,1415.8,1417.7,1419.3,1420.8,1422.1,1423.3,1424.3,1425.3,1426.2,1427.1,1427.9,1428.6,1429.3,1430,1430.6,1431.2,1431.8,1432.3,1432.8,1433.3,1433.8,1434.2,1434.7,1435.1,1435.5,1435.9,1436.2,1436.6,1436.9,1437.3,1437.6,1437.9,1438.2,1438.5,1438.8,1439.1,1439.4,1439.7,1439.9,1440.2,1440.4,1440.7,1440.9,1441.1
16.3,1409.9,1412.6,1414.8,1416.6,1418.3,1419.7,1421,1422.2,1423.3,1424.3,1425.2,1426,1426.8,1427.6,1428.2,1428.9,1429.5,1430.1,1430.7,1431.2,1431.7,1432.2,1432.7,1433.1,1433.5,1434,1434.3,1434.7,1435.1,1435.5,1435.8,1436.1,1436.5,1436.8,1437.1,1437.4,1437.7,1438,1438.2,1438.5,1438.7,1439,1439.2,1439.5,1439.7,1440
16.4,1409,1411.6,1413.8,1415.6,1417.3,1418.7,1420,1421.2,1422.2,1423.2,1424.1,1425,1425.7,1426.5,1427.2,1427.8,1428.4,1429,1429.6,1430.1,1430.6,1431.1,1431.6,1432,1432.4,1432.8,1433.2,1433.6,1434,1434.3,1434.7,1435,1435.3,1435.6,1435.9,1436.2,1436.5,1436.8,1437.1,1437.3,1437.6,1437.8,1438.1,1438.3,1438.6,1438.8
16.5,1408,1410.6,1412.8,1414.6,1416.3,1417.7,1419,1420.1,1421.2,1422.2,1423.1,1423.9,1424.7,1425.4,1426.1,1426.7,1427.4,1427.9,1428.5,1429,1429.5,1430,1430.5,1430.9,1431.3,1431.7,1432.1,1432.5,1432.9,1433.2,1433.5,1433.9,1434.2,1434.5,1434.8,1435.1,1435.4,1435.7,1435.9,1436.2,1436.4,1436.7,1436.9,1437.2,1437.4,1437.6
16.6,1407.1,1409.7,1411.8,1413.7,1415.3,1416.7,1418,1419.1,1420.2,1421.1,1422,1422.9,1423.6,1424.4,1425,1425.7,1426.3,1426.9,1427.4,1427.9,1428.4,1428.9,1429.4,1429.8,1430.2,1430.6,1431,1431.4,1431.7,1432.1,1432.4,1432.8,1433.1,1433.4,1433.7,1434,1434.2,1434.5,1434.8,1435,1435.3,1435.5,1435.8,1436,1436.3,1436.5
16.7,1406.1,1408.7,1410.8,1412.7,1414.3,1415.7,1416.9,1418.1,1419.1,1420.1,1421,1421.8,1422.6,1423.3,1424,1424.6,1425.2,1425.8,1426.3,1426.8,1427.3,1427.8,1428.3,1428.7,1429.1,1429.5,1429.9,1430.3,1430.6,1431,1431.3,1431.6,1432,1432.3,1432.6,1432.8,1433.1,1433.4,1433.7,1433.9,1434.2,1434.4,1434.6,1434.9,1435.1,1435.3
16.8,1405.2,1407.7,1409.9,1411.7,1413.3,1414.7,1415.9,1417.1,1418.1,1419.1,1420,1420.8,1421.5,1422.3,1422.9,1423.6,1424.2,1424.7,1425.3,1425.8,1426.3,1426.7,1427.2,1427.6,1428,1428.4,1428.8,1429.2,1429.5,1429.9,1430.2,1430.5,1430.8,1431.1,1431.4,1431.7,1432,1432.3,1432.5,1432.8,1433,1433.3,1433.5,1433.7,1434,1434.2
16.9,1404.2,1406.8,1408.9,1410.7,1412.3,1413.7,1414.9,1416.1,1417.1,1418.1,1418.9,1419.7,1420.5,1421.2,1421.9,1422.5,1423.1,1423.7,1424.2,1424.7,1425.2,1425.7,1426.1,1426.5,1426.9,1427.3,1427.7,1428.1,1428.4,1428.8,1429.1,1429.4,1429.7,1430,1430.3,1430.6,1430.9,1431.2,1431.4,1431.7,1431.9,1432.2,1432.4,1432.6,1432.8,1433.1
17.0,1403.3,1405.8,1407.9,1409.7,1411.3,1412.7,1414,1415.1,1416.1,1417,1417.9,1418.7,1419.5,1420.2,1420.8,1421.5,1422.1,1422.6,1423.1,1423.7,1424.1,1424.6,1425,1425.5,1425.9,1426.3,1426.6,1427,1427.4,1427.7,1428,1428.3,1428.6,1428.9,1429.2,1429.5,1429.8,1430,1430.3,1430.6,1430.8,1431,1431.3,1431.5,1431.7,1431.9
17.1,1402.4,1404.9,1407,1408.8,1410.3,1411.7,1413,1414.1,1415.1,1416,1416.9,1417.7,1418.5,1419.2,1419.8,1420.4,1421,1421.6,1422.1,1422.6,1423.1,1423.5,1424,1424.4,1424.8,1425.2,1425.6,1425.9,1426.3,1426.6,1426.9,1427.2,1427.6,1427.8,1428.1,1428.4,1428.7,1428.9,1429.2,1429.5,1429.7,1429.9,1430.2,1430.4,1430.6,1430.8
17.2,1401.5,1404,1406,1407.8,1409.4,1410.8,1412,1413.1,1414.1,1415,1415.9,1416.7,1417.4,1418.1,1418.8,1419.4,1420,1420.5,1421.1,1421.6,1422,1422.5,1422.9,1423.3,1423.7,1424.1,1424.5,1424.9,1425.2,1425.5,1425.9,1426.2,1426.5,1426.8,1427,1427.3,1427.6,1427.9,1428.1,1428.4,1428.6,1428.8,1429.1,1429.3,1429.5,1429.7
17.3,1400.5,1403,1405.1,1406.9,1408.4,1409.8,1411,1412.1,1413.1,1414,1414.9,1415.7,1416.4,1417.1,1417.8,1418.4,1419,1419.5,1420,1420.5,1421,1421.4,1421.9,1422.3,1422.7,1423.1,1423.4,1423.8,1424.1,1424.5,1424.8,1425.1,1425.4,1425.7,1426,1426.2,1426.5,1426.8,1427,1427.3,1427.5,1427.7,1428,1428.2,1428.4,1428.6
17.4,1399.6,1402.1,1404.2,1405.9,1407.5,1408.8,1410,1411.1,1412.1,1413.1,1413.9,1414.7,1415.4,1416.1,1416.8,1417.4,1417.9,1418.5,1419,1419.5,1420,1420.4,1420.8,1421.2,1421.6,1422,1422.4,1422.7,1423.1,1423.4,1423.7,1424,1424.3,1424.6,1424.9,1425.2,1425.4,1425.7,1425.9,1426.2,1426.4,1426.6,1426.9,1427.1,1427.3,1427.5
17.5,1398.7,1401.2,1403.2,1405,1406.5,1407.9,1409.1,1410.2,1411.2,1412.1,1412.9,1413.7,1414.4,1415.1,1415.7,1416.3,1416.9,1417.5,1418,1418.5,1418.9,1419.4,1419.8,1420.2,1420.6,1421,1421.3,1421.7,1422,1422.3,1422.7,1423,1423.3,1423.5,1423.8,1424.1,1424.4,1424.6,1424.9,1425.1,1425.3,1425.6,1425.8,1426,1426.2,1426.4
17.6,1397.8,1400.3,1402.3,1404.1,1405.6,1406.9,1408.1,1409.2,1410.2,1411.1,1411.9,1412.7,1413.4,1414.1,1414.7,1415.3,1415.9,1416.4,1417,1417.4,1417.9,1418.3,1418.8,1419.2,1419.6,1419.9,1420.3,1420.6,1421,1421.3,1421.6,1421.9,1422.2,1422.5,1422.8,1423,1423.3,1423.5,1423.8,1424,1424.3,1424.5,1424.7,1424.9,1425.1,1425.3
17.7,1396.9,1399.4,1401.4,1403.1,1404.6,1406,1407.2,1408.2,1409.2,1410.1,1411,1411.7,1412.4,1413.1,1413.7,1414.3,1414.9,1415.4,1415.9,1416.4,1416.9,1417.3,1417.7,1418.1,1418.5,1418.9,1419.3,1419.6,1419.9,1420.2,1420.6,1420.9,1421.1,1421.4,1421.7,1422,1422.2,1422.5,1422.7,1423,1423.2,1423.4,1423.6,1423.8,1424.1,1424.3
17.8,1396.1,1398.5,1400.5,1402.2,1403.7,1405,1406.2,1407.3,1408.3,1409.2,1410,1410.8,1411.5,1412.1,1412.8,1413.3,1413.9,1414.4,1414.9,1415.4,1415.9,1416.3,1416.7,1417.1,1417.5,1417.9,1418.2,1418.6,1418.9,1419.2,1419.5,1419.8,1420.1,1420.4,1420.7,1420.9,1421.2,1421.4,1421.7,1421.9,1422.1,1422.3,1422.6,1422.8,1423,1423.2
17.9,1395.2,1397.6,1399.6,1401.3,1402.8,1404.1,1405.3,1406.3,1407.3,1408.2,1409,1409.8,1410.5,1411.2,1411.8,1412.4,1412.9,1413.4,1413.9,1414.4,1414.9,1415.3,1415.7,1416.1,1416.5,1416.8,1417.2,1417.5,1417.9,1418.2,1418.5,1418.8,1419.1,1419.3,1419.6,1419.9,1420.1,1420.4,1420.6,1420.8,1421.1,1421.3,1421.5,1421.7,1421.9,1422.1
18.0,1394.3,1396.7,1398.7,1400.4,1401.9,1403.2,1404.3,1405.4,1406.4,1407.2,1408.1,1408.8,1409.5,1410.2,1410.8,1411.4,1411.9,1412.4,1412.9,1413.4,1413.9,1414.3,1414.7,1415.1,1415.5,1415.8,1416.2,1416.5,1416.8,1417.2,1417.5,1417.7,1418,1418.3,1418.6,1418.8,1419.1,1419.3,1419.6,1419.8,1420,1420.2,1420.5,1420.7,1420.9,1421.1
18.1,1393.4,1395.8,1397.8,1399.5,1401,1402.3,1403.4,1404.5,1405.4,1406.3,1407.1,1407.9,1408.6,1409.2,1409.8,1410.4,1410.9,1411.5,1412,1412.4,1412.9,1413.3,1413.7,1414.1,1414.5,1414.8,1415.2,1415.5,1415.8,1416.1,1416.4,1416.7,1417,1417.3,1417.5,1417.8,1418,1418.3,1418.5,1418.8,1419,1419.2,1419.4,1419.6,1419.8,1420
18.2,1392.6,1394.9,1396.9,1398.6,1400.1,1401.3,1402.5,1403.5,1404.5,1405.4,1406.2,1406.9,1407.6,1408.2,1408.9,1409.4,1410,1410.5,1411,1411.4,1411.9,1412.3,1412.7,1413.1,1413.5,1413.8,1414.2,1414.5,1414.8,1415.1,1415.4,1415.7,1416,1416.3,1416.5,1416.8,1417,1417.3,1417.5,1417.7,1417.9,1418.2,1418.4,1418.6,1418.8,1419
18.3,1391.7,1394.1,1396,1397.7,1399.1,1400.4,1401.6,1402.6,1403.6,1404.4,1405.2,1406,1406.6,1407.3,1407.9,1408.5,1409,1409.5,1410,1410.5,1410.9,1411.3,1411.7,1412.1,1412.5,1412.8,1413.2,1413.5,1413.8,1414.1,1414.4,1414.7,1415,1415.2,1415.5,1415.7,1416,1416.2,1416.5,1416.7,1416.9,1417.1,1417.3,1417.5,1417.7,1417.9
18.4,1390.9,1393.2,1395.1,1396.8,1398.2,1399.5,1400.7,1401.7,1402.6,1403.5,1404.3,1405,1405.7,1406.3,1406.9,1407.5,1408,1408.5,1409,1409.5,1409.9,1410.3,1410.7,1411.1,1411.5,1411.8,1412.2,1412.5,1412.8,1413.1,1413.4,1413.7,1414,1414.2,1414.5,1414.7,1415,1415.2,1415.4,1415.7,1415.9,1416.1,1416.3,1416.5,1416.7,1416.9
18.5,1390,1392.3,1394.3,1395.9,1397.4,1398.6,1399.8,1400.8,1401.7,1402.6,1403.3,1404.1,1404.8,1405.4,1406,1406.5,1407.1,1407.6,1408.1,1408.5,1408.9,1409.4,1409.7,1410.1,1410.5,1410.8,1411.2,1411.5,1411.8,1412.1,1412.4,1412.7,1413,1413.2,1413.5,1413.7,1414,1414.2,1414.4,1414.6,1414.9,1415.1,1415.3,1415.5,1415.7,1415.9
18.6,1389.2,1391.5,1393.4,1395,1396.5,1397.7,1398.9,1399.9,1400.8,1401.6,1402.4,1403.1,1403.8,1404.5,1405,1405.6,1406.1,1406.6,1407.1,1407.5,1408,1408.4,1408.8,1409.2,1409.5,1409.9,1410.2,1410.5,1410.8,1411.1,1411.4,1411.7,1412,1412.2,1412.5,1412.7,1413,1413.2,1413.4,1413.6,1413.8,1414.1,1414.3,1414.5,1414.7,1414.8
18.7,1388.3,1390.6,1392.5,1394.2,1395.6,1396.8,1398,1399,1399.9,1400.7,1401.5,1402.2,1402.9,1403.5,1404.1,1404.7,1405.2,1405.7,1406.1,1406.6,1407,1407.4,1407.8,1408.2,1408.5,1408.9,1409.2,1409.5,1409.8,1410.1,1410.4,1410.7,1411,1411.2,1411.5,1411.7,1412,1412.2,1412.4,1412.6,1412.8,1413,1413.2,1413.4,1413.6,1413.8
18.8,1387.5,1389.8,1391.7,1393.3,1394.7,1396,1397.1,1398.1,1399,1399.8,1400.6,1401.3,1402,1402.6,1403.2,1403.7,1404.2,1404.7,1405.2,1405.6,1406.1,1406.5,1406.8,1407.2,1407.6,1407.9,1408.2,1408.6,1408.9,1409.2,1409.4,1409.7,1410,1410.2,1410.5,1410.7,1411,1411.2,1411.4,1411.6,1411.8,1412,1412.2,1412.4,1412.6,1412.8
18.9,1386.7,1388.9,1390.8,1392.4,1393.8,1395.1,1396.2,1397.2,1398.1,1398.9,1399.7,1400.4,1401,1401.7,1402.2,1402.8,1403.3,1403.8,1404.3,1404.7,1405.1,1405.5,1405.9,1406.3,1406.6,1406.9,1407.3,1407.6,1407.9,1408.2,1408.5,1408.7,1409,1409.3,1409.5,1409.7,1410,1410.2,1410.4,1410.6,1410.8,1411,1411.2,1411.4,1411.6,1411.8
19.0,1385.8,1388.1,1390,1391.6,1393,1394.2,1395.3,1396.3,1397.2,1398,1398.8,1399.5,1400.1,1400.7,1401.3,1401.9,1402.4,1402.9,1403.3,1403.7,1404.2,1404.6,1404.9,1405.3,1405.7,1406,1406.3,1406.6,1406.9,1407.2,1407.5,1407.8,1408,1408.3,1408.5,1408.8,1409,1409.2,1409.4,1409.6,1409.9,1410.1,1410.2,1410.4,1410.6,1410.8
19.1,1385,1387.3,1389.1,1390.7,1392.1,1393.3,1394.4,1395.4,1396.3,1397.1,1397.9,1398.6,1399.2,1399.8,1400.4,1400.9,1401.4,1401.9,1402.4,1402.8,1403.2,1403.6,1404,1404.4,1404.7,1405,1405.4,1405.7,1406,1406.2,1406.5,1406.8,1407.1,1407.3,1407.5,1407.8,1408,1408.2,1408.5,1408.7,1408.9,1409.1,1409.3,1409.5,1409.6,1409.8
19.2,1384.2,1386.4,1388.3,1389.9,1391.2,1392.5,1393.5,1394.5,1395.4,1396.2,1397,1397.7,1398.3,1398.9,1399.5,1400,1400.5,1401,1401.5,1401.9,1402.3,1402.7,1403.1,1403.4,1403.8,1404.1,1404.4,1404.7,1405,1405.3,1405.6,1405.8,1406.1,1406.3,1406.6,1406.8,1407,1407.3,1407.5,1407.7,1407.9,1408.1,1408.3,1408.5,1408.7,1408.8
19.3,1383.4,1385.6,1387.5,1389,1390.4,1391.6,1392.7,1393.6,1394.5,1395.3,1396.1,1396.8,1397.4,1398,1398.6,1399.1,1399.6,1400.1,1400.5,1401,1401.4,1401.8,1402.1,1402.5,1402.8,1403.1,1403.5,1403.8,1404.1,1404.3,1404.6,1404.9,1405.1,1405.4,1405.6,1405.8,1406.1,1406.3,1406.5,1406.7,1406.9,1407.1,1407.3,1407.5,1407.7,1407.8
19.4,1382.6,1384.8,1386.6,1388.2,1389.5,1390.7,1391.8,1392.8,1393.7,1394.5,1395.2,1395.9,1396.5,1397.1,1397.7,1398.2,1398.7,1399.2,1399.6,1400,1400.4,1400.8,1401.2,1401.5,1401.9,1402.2,1402.5,1402.8,1403.1,1403.4,1403.7,1403.9,1404.2,1404.4,1404.7,1404.9,1405.1,1405.3,1405.5,1405.7,1405.9,1406.1,1406.3,1406.5,1406.7,1406.9
19.5,1381.8,1384,1385.8,1387.4,1388.7,1389.9,1391,1391.9,1392.8,1393.6,1394.3,1395,1395.6,1396.2,1396.8,1397.3,1397.8,1398.3,1398.7,1399.1,1399.5,1399.9,1400.3,1400.6,1401,1401.3,1401.6,1401.9,1402.2,1402.5,1402.7,1403,1403.2,1403.5,1403.7,1403.9,1404.2,1404.4,1404.6,1404.8,1405,1405.2,1405.4,1405.5,1405.7,1405.9
19.6,1381,1383.2,1385,1386.5,1387.9,1389,1390.1,1391.1,1391.9,1392.7,1393.4,1394.1,1394.7,1395.3,1395.9,1396.4,1396.9,1397.4,1397.8,1398.2,1398.6,1399,1399.3,1399.7,1400,1400.3,1400.7,1401,1401.2,1401.5,1401.8,1402,1402.3,1402.5,1402.8,1403,1403.2,1403.4,1403.6,1403.8,1404,1404.2,1404.4,1404.6,1404.8,1404.9
19.7,1380.2,1382.4,1384.2,1385.7,1387,1388.2,1389.3,1390.2,1391.1,1391.8,1392.6,1393.2,1393.9,1394.4,1395,1395.5,1396,1396.5,1396.9,1397.3,1397.7,1398.1,1398.4,1398.8,1399.1,1399.4,1399.7,1400,1400.3,1400.6,1400.8,1401.1,1401.3,1401.6,1401.8,1402,1402.3,1402.5,1402.7,1402.9,1403.1,1403.3,1403.5,1403.6,1403.8,1404
19.8,1379.4,1381.6,1383.3,1384.9,1386.2,1387.4,1388.4,1389.3,1390.2,1391,1391.7,1392.4,1393,1393.6,1394.1,1394.6,1395.1,1395.6,1396,1396.4,1396.8,1397.2,1397.5,1397.9,1398.2,1398.5,1398.8,1399.1,1399.4,1399.7,1399.9,1400.2,1400.4,1400.7,1400.9,1401.1,1401.3,1401.5,1401.7,1401.9,1402.1,1402.3,1402.5,1402.7,1402.9,1403
19.9,1378.6,1380.8,1382.5,1384.1,1385.4,1386.5,1387.6,1388.5,1389.4,1390.1,1390.8,1391.5,1392.1,1392.7,1393.2,1393.7,1394.2,1394.7,1395.1,1395.5,1395.9,1396.3,1396.6,1397,1397.3,1397.6,1397.9,1398.2,1398.5,1398.7,1399,1399.2,1399.5,1399.7,1400,1400.2,1400.4,1400.6,1400.8,1401,1401.2,1401.4,1401.6,1401.7,1401.9,1402.1
20.0,1377.8,1380,1381.7,1383.2,1384.6,1385.7,1386.7,1387.7,1388.5,1389.3,1390,1390.6,1391.3,1391.8,1392.4,1392.9,1393.3,1393.8,1394.2,1394.6,1395,1395.4,1395.7,1396.1,1396.4,1396.7,1397,1397.3,1397.6,1397.8,1398.1,1398.3,1398.6,1398.8,1399,1399.2,1399.5,1399.7,1399.9,1400.1,1400.3,1400.4,1400.6,1400.8,1401,1401.1